"OHIO, INDIANA, MICHIGAN, MISSOURI, PENNSYLVIANIA, WISCONSIN",,,,
"Individual Income Tax Returns: 
Selected Income and Tax Items by State, 
Congressional district, and Size of Adjusted Gross Income, 
Tax Year 2018                                                                                                                                                                                                                                                                                                                                            ","Individual Income Tax Returns: 
Selected Income and Tax Items by State, 
Congressional district, and Size of Adjusted Gross Income, 
Tax Year 2018                                                                                                                                                                                                                                                                                                                                            ",,,
[Money amounts are in thousands of dollars],[Money amounts are in thousands of dollars],,,
State,"Congressional
district [1]",Size of adjusted gross income by congressional district,Number of returns,Percentage
,,,,
Ohio,1,,"358,550",100
Ohio,1,Under $1,"2,940",0.819969321
Ohio,1,"$1 under $10,000","47,370",13.21154651
Ohio,1,"$10,000 under $25,000","69,320",19.3334263
Ohio,1,"$25,000 under $50,000","84,850",23.66476084
Ohio,1,"$50,000 under $75,000","50,290",14.02593781
Ohio,1,"$75,000 under $100,000","32,900",9.175847162
Ohio,1,"$100,000 under $200,000","50,500",14.08450704
Ohio,1,"$200,000 under $500,000","16,260",4.534932366
Ohio,1,"$500,000 or more","4,120",1.149072654
,,,,
Ohio,2,,"345,020",100
Ohio,2,Under $1,"3,270",0.947771144
Ohio,2,"$1 under $10,000","42,180",12.22537824
Ohio,2,"$10,000 under $25,000","64,520",18.7003652
Ohio,2,"$25,000 under $50,000","86,370",25.0333314
Ohio,2,"$50,000 under $75,000","52,470",15.20781404
Ohio,2,"$75,000 under $100,000","32,270",9.353080981
Ohio,2,"$100,000 under $200,000","45,660",13.23401542
Ohio,2,"$200,000 under $500,000","14,610",4.234537128
Ohio,2,"$500,000 or more","3,670",1.063706452
,,,,
Ohio,3,,"371,890",100
Ohio,3,Under $1,"2,580",0.693753529
Ohio,3,"$1 under $10,000","47,200",12.69192503
Ohio,3,"$10,000 under $25,000","92,820",24.95899325
Ohio,3,"$25,000 under $50,000","116,710",31.38293581
Ohio,3,"$50,000 under $75,000","52,770",14.18967974
Ohio,3,"$75,000 under $100,000","26,570",7.144585765
Ohio,3,"$100,000 under $200,000","27,150",7.30054586
Ohio,3,"$200,000 under $500,000","4,960",1.333727715
Ohio,3,"$500,000 or more","1,130",0.30385329
,,,,
Ohio,4,,"337,480",100
Ohio,4,Under $1,"3,060",0.906720398
Ohio,4,"$1 under $10,000","44,330",13.13559322
Ohio,4,"$10,000 under $25,000","65,930",19.5359725
Ohio,4,"$25,000 under $50,000","92,530",27.41792106
Ohio,4,"$50,000 under $75,000","54,170",16.05132156
Ohio,4,"$75,000 under $100,000","33,720",9.991703212
Ohio,4,"$100,000 under $200,000","36,870",10.92509186
Ohio,4,"$200,000 under $500,000","5,740",1.700841531
Ohio,4,"$500,000 or more","1,130",0.334834657
,,,,
Ohio,5,,"354,170",100
Ohio,5,Under $1,"3,130",0.883756388
Ohio,5,"$1 under $10,000","43,890",12.39235395
Ohio,5,"$10,000 under $25,000","62,440",17.62995172
Ohio,5,"$25,000 under $50,000","91,420",25.81246294
Ohio,5,"$50,000 under $75,000","57,130",16.13067171
Ohio,5,"$75,000 under $100,000","37,090",10.47237202
Ohio,5,"$100,000 under $200,000","46,890",13.23940481
Ohio,5,"$200,000 under $500,000","9,980",2.817855832
Ohio,5,"$500,000 or more","2,200",0.621170624
,,,,
Ohio,6,,"304,520",100
Ohio,6,Under $1,"3,170",1.04098253
Ohio,6,"$1 under $10,000","39,820",13.07631683
Ohio,6,"$10,000 under $25,000","66,280",21.76540129
Ohio,6,"$25,000 under $50,000","78,960",25.92933141
Ohio,6,"$50,000 under $75,000","47,190",15.49651911
Ohio,6,"$75,000 under $100,000","29,940",9.831866544
Ohio,6,"$100,000 under $200,000","32,260",10.59372127
Ohio,6,"$200,000 under $500,000","5,680",1.865230527
Ohio,6,"$500,000 or more","1,220",0.4006305
,,,,
Ohio,7,,"344,540",100
Ohio,7,Under $1,"3,460",1.004237534
Ohio,7,"$1 under $10,000","44,770",12.99413711
Ohio,7,"$10,000 under $25,000","68,770",19.9599466
Ohio,7,"$25,000 under $50,000","90,260",26.19724851
Ohio,7,"$50,000 under $75,000","54,790",15.90236257
Ohio,7,"$75,000 under $100,000","34,300",9.955302722
Ohio,7,"$100,000 under $200,000","39,600",11.49358565
Ohio,7,"$200,000 under $500,000","7,280",2.11296221
Ohio,7,"$500,000 or more","1,310",0.380217101
,,,,
Ohio,8,,"342,750",100
Ohio,8,Under $1,"2,950",0.860685631
Ohio,8,"$1 under $10,000","43,990",12.83442743
Ohio,8,"$10,000 under $25,000","64,820",18.91174325
Ohio,8,"$25,000 under $50,000","88,460",25.80889861
Ohio,8,"$50,000 under $75,000","52,710",15.3785558
Ohio,8,"$75,000 under $100,000","33,980",9.913931437
Ohio,8,"$100,000 under $200,000","45,100",13.15827863
Ohio,8,"$200,000 under $500,000","9,290",2.710430343
Ohio,8,"$500,000 or more","1,450",0.423048869
,,,,
Ohio,9,,"337,040",100
Ohio,9,Under $1,"2,880",0.854497982
Ohio,9,"$1 under $10,000","47,400",14.06361263
Ohio,9,"$10,000 under $25,000","81,720",24.24638025
Ohio,9,"$25,000 under $50,000","95,170",28.23700451
Ohio,9,"$50,000 under $75,000","48,880",14.50272965
Ohio,9,"$75,000 under $100,000","26,000",7.714217897
Ohio,9,"$100,000 under $200,000","27,830",8.257180157
Ohio,9,"$200,000 under $500,000","5,830",1.729765013
Ohio,9,"$500,000 or more","1,330",0.394611915
,,,,
Ohio,10,,"343,070",100
Ohio,10,Under $1,"3,090",0.900690821
Ohio,10,"$1 under $10,000","43,110",12.56594864
Ohio,10,"$10,000 under $25,000","71,700",20.89952488
Ohio,10,"$25,000 under $50,000","88,520",25.8023144
Ohio,10,"$50,000 under $75,000","50,900",14.83662226
Ohio,10,"$75,000 under $100,000","31,970",9.318797913
Ohio,10,"$100,000 under $200,000","42,730",12.45518407
Ohio,10,"$200,000 under $500,000","9,250",2.696242749
Ohio,10,"$500,000 or more","1,800",0.524674265
,,,,
Ohio,11,,"310,950",100
Ohio,11,Under $1,"3,220",1.03553626
Ohio,11,"$1 under $10,000","44,240",14.22736774
Ohio,11,"$10,000 under $25,000","84,430",27.15227529
Ohio,11,"$25,000 under $50,000","84,770",27.26161762
Ohio,11,"$50,000 under $75,000","38,610",12.41678726
Ohio,11,"$75,000 under $100,000","19,200",6.174626146
Ohio,11,"$100,000 under $200,000","24,260",7.801897411
Ohio,11,"$200,000 under $500,000","9,170",2.949027175
Ohio,11,"$500,000 or more","3,050",0.980865091
,,,,
Ohio,12,,"380,740",100
Ohio,12,Under $1,"3,360",0.882491989
Ohio,12,"$1 under $10,000","46,530",12.22093817
Ohio,12,"$10,000 under $25,000","59,100",15.52240374
Ohio,12,"$25,000 under $50,000","80,020",21.01696696
Ohio,12,"$50,000 under $75,000","55,740",14.63991175
Ohio,12,"$75,000 under $100,000","40,640",10.67395073
Ohio,12,"$100,000 under $200,000","67,940",17.84419814
Ohio,12,"$200,000 under $500,000","22,790",5.985712034
Ohio,12,"$500,000 or more","4,620",1.213426485
,,,,
Ohio,13,,"334,770",100
Ohio,13,Under $1,"3,050",0.911073274
Ohio,13,"$1 under $10,000","46,210",13.80350689
Ohio,13,"$10,000 under $25,000","80,590",24.07324432
Ohio,13,"$25,000 under $50,000","94,140",28.12079935
Ohio,13,"$50,000 under $75,000","50,510",15.08797085
Ohio,13,"$75,000 under $100,000","27,180",8.119007079
Ohio,13,"$100,000 under $200,000","27,660",8.262389103
Ohio,13,"$200,000 under $500,000","4,540",1.356154972
Ohio,13,"$500,000 or more",890,0.265854169
,,,,
Ohio,14,,"371,450",100
Ohio,14,Under $1,"4,010",1.079553103
Ohio,14,"$1 under $10,000","47,630",12.82272177
Ohio,14,"$10,000 under $25,000","59,230",15.94561852
Ohio,14,"$25,000 under $50,000","82,590",22.23448647
Ohio,14,"$50,000 under $75,000","57,950",15.60102302
Ohio,14,"$75,000 under $100,000","39,190",10.55054516
Ohio,14,"$100,000 under $200,000","58,380",15.71678557
Ohio,14,"$200,000 under $500,000","17,790",4.789339077
Ohio,14,"$500,000 or more","4,680",1.259927312
,,,,
Ohio,15,,"352,110",100
Ohio,15,Under $1,"3,310",0.940047144
Ohio,15,"$1 under $10,000","41,810",11.87413024
Ohio,15,"$10,000 under $25,000","60,020",17.04580955
Ohio,15,"$25,000 under $50,000","85,750",24.35318508
Ohio,15,"$50,000 under $75,000","57,660",16.37556445
Ohio,15,"$75,000 under $100,000","37,500",10.65008094
Ohio,15,"$100,000 under $200,000","51,570",14.64599131
Ohio,15,"$200,000 under $500,000","12,170",3.456306268
Ohio,15,"$500,000 or more","2,320",0.658885008
,,,,
Ohio,16,,"378,390",100
Ohio,16,Under $1,"3,720",0.983112662
Ohio,16,"$1 under $10,000","46,970",12.41311874
Ohio,16,"$10,000 under $25,000","61,430",16.2345728
Ohio,16,"$25,000 under $50,000","86,950",22.97893708
Ohio,16,"$50,000 under $75,000","61,700",16.30592775
Ohio,16,"$75,000 under $100,000","41,970",11.09173075
Ohio,16,"$100,000 under $200,000","58,350",15.4205978
Ohio,16,"$200,000 under $500,000","14,450",3.818811279
Ohio,16,"$500,000 or more","2,850",0.753191152
,,,,
Indiana,1,,"339,360",100
Indiana,1,Under $1,"3,150",0.928217822
Indiana,1,"$1 under $10,000","48,860",14.39768977
Indiana,1,"$10,000 under $25,000","70,630",20.81270627
Indiana,1,"$25,000 under $50,000","74,140",21.84700613
Indiana,1,"$50,000 under $75,000","46,680",13.7553041
Indiana,1,"$75,000 under $100,000","34,080",10.04243281
Indiana,1,"$100,000 under $200,000","50,890",14.99587459
Indiana,1,"$200,000 under $500,000","9,320",2.746346063
Indiana,1,"$500,000 or more","1,610",0.474422442
,,,,
Indiana,2,,"336,900",100
Indiana,2,Under $1,"3,730",1.107153458
Indiana,2,"$1 under $10,000","50,340",14.94211932
Indiana,2,"$10,000 under $25,000","66,670",19.78925497
Indiana,2,"$25,000 under $50,000","89,320",26.5123182
Indiana,2,"$50,000 under $75,000","51,080",15.16176907
Indiana,2,"$75,000 under $100,000","31,670",9.400415554
Indiana,2,"$100,000 under $200,000","34,920",10.3650935
Indiana,2,"$200,000 under $500,000","7,260",2.154942119
Indiana,2,"$500,000 or more","1,910",0.566933808
,,,,
Indiana,3,,"353,730",100
Indiana,3,Under $1,"3,830",1.082746728
Indiana,3,"$1 under $10,000","52,460",14.83052045
Indiana,3,"$10,000 under $25,000","68,380",19.33112826
Indiana,3,"$25,000 under $50,000","90,640",25.62406355
Indiana,3,"$50,000 under $75,000","53,110",15.01427643
Indiana,3,"$75,000 under $100,000","35,010",9.897379357
Indiana,3,"$100,000 under $200,000","40,180",11.35894609
Indiana,3,"$200,000 under $500,000","8,030",2.270093009
Indiana,3,"$500,000 or more","2,090",0.590846126
,,,,
Indiana,4,,"344,740",100
Indiana,4,Under $1,"3,600",1.044265243
Indiana,4,"$1 under $10,000","50,090",14.52979057
Indiana,4,"$10,000 under $25,000","64,030",18.57341765
Indiana,4,"$25,000 under $50,000","82,400",23.90207113
Indiana,4,"$50,000 under $75,000","50,690",14.70383477
Indiana,4,"$75,000 under $100,000","35,410",10.27150896
Indiana,4,"$100,000 under $200,000","48,130",13.96124616
Indiana,4,"$200,000 under $500,000","9,080",2.633869003
Indiana,4,"$500,000 or more","1,310",0.379996519
,,,,
Indiana,5,,"379,480",100
Indiana,5,Under $1,"4,160",1.096236956
Indiana,5,"$1 under $10,000","50,280",13.24971013
Indiana,5,"$10,000 under $25,000","59,380",15.64772847
Indiana,5,"$25,000 under $50,000","79,060",20.83377253
Indiana,5,"$50,000 under $75,000","50,810",13.38937493
Indiana,5,"$75,000 under $100,000","35,920",9.465584484
Indiana,5,"$100,000 under $200,000","66,540",17.53452092
Indiana,5,"$200,000 under $500,000","26,470",6.975334668
Indiana,5,"$500,000 or more","6,860",1.807736903
,,,,
Indiana,6,,"328,350",100
Indiana,6,Under $1,"3,770",1.148165068
Indiana,6,"$1 under $10,000","50,260",15.30683722
Indiana,6,"$10,000 under $25,000","65,380",19.91167961
Indiana,6,"$25,000 under $50,000","80,780",24.60179686
Indiana,6,"$50,000 under $75,000","48,130",14.65813918
Indiana,6,"$75,000 under $100,000","32,470",9.88883813
Indiana,6,"$100,000 under $200,000","39,200",11.93848028
Indiana,6,"$200,000 under $500,000","7,160",2.18059997
Indiana,6,"$500,000 or more","1,200",0.365463682
,,,,
Indiana,7,,"353,060",100
Indiana,7,Under $1,"2,940",0.832719651
Indiana,7,"$1 under $10,000","50,070",14.18172549
Indiana,7,"$10,000 under $25,000","88,470",25.05806379
Indiana,7,"$25,000 under $50,000","107,650",30.49056818
Indiana,7,"$50,000 under $75,000","47,530",13.46230103
Indiana,7,"$75,000 under $100,000","24,270",6.874185691
Indiana,7,"$100,000 under $200,000","26,380",7.471817821
Indiana,7,"$200,000 under $500,000","4,820",1.365207047
Indiana,7,"$500,000 or more",930,0.263411318
,,,,
Indiana,8,,"327,390",100
Indiana,8,Under $1,"3,530",1.078224747
Indiana,8,"$1 under $10,000","52,060",15.90152418
Indiana,8,"$10,000 under $25,000","65,790",20.09529918
Indiana,8,"$25,000 under $50,000","79,000",24.13024222
Indiana,8,"$50,000 under $75,000","47,240",14.42927395
Indiana,8,"$75,000 under $100,000","32,580",9.951434069
Indiana,8,"$100,000 under $200,000","38,540",11.77189285
Indiana,8,"$200,000 under $500,000","6,980",2.132013806
Indiana,8,"$500,000 or more","1,670",0.510094994
,,,,
Indiana,9,,"349,040",100
Indiana,9,Under $1,"3,670",1.051455421
Indiana,9,"$1 under $10,000","50,040",14.33646573
Indiana,9,"$10,000 under $25,000","66,650",19.09523264
Indiana,9,"$25,000 under $50,000","85,540",24.5072198
Indiana,9,"$50,000 under $75,000","51,400",14.72610589
Indiana,9,"$75,000 under $100,000","34,260",9.815493926
Indiana,9,"$100,000 under $200,000","46,180",13.23057529
Indiana,9,"$200,000 under $500,000","9,690",2.77618611
Indiana,9,"$500,000 or more","1,610",0.461265185
,,,,
Michigan,1,,"335,080",100
Michigan,1,Under $1,"5,340",1.593649278
Michigan,1,"$1 under $10,000","53,080",15.8409932
Michigan,1,"$10,000 under $25,000","71,290",21.27551629
Michigan,1,"$25,000 under $50,000","80,760",24.10170706
Michigan,1,"$50,000 under $75,000","47,330",14.12498508
Michigan,1,"$75,000 under $100,000","30,970",9.242568939
Michigan,1,"$100,000 under $200,000","36,460",10.88098365
Michigan,1,"$200,000 under $500,000","8,000",2.387489555
Michigan,1,"$500,000 or more","1,850",0.55210696
,,,,
Michigan,2,,"351,060",100
Michigan,2,Under $1,"3,780",1.076739019
Michigan,2,"$1 under $10,000","52,830",15.04870962
Michigan,2,"$10,000 under $25,000","67,750",19.29869538
Michigan,2,"$25,000 under $50,000","88,790",25.29197288
Michigan,2,"$50,000 under $75,000","52,060",14.8293739
Michigan,2,"$75,000 under $100,000","34,200",9.741924457
Michigan,2,"$100,000 under $200,000","41,660",11.86691734
Michigan,2,"$200,000 under $500,000","8,130",2.315843446
Michigan,2,"$500,000 or more","1,860",0.529823962
,,,,
Michigan,3,,"348,160",100
Michigan,3,Under $1,"3,530",1.013901654
Michigan,3,"$1 under $10,000","49,290",14.15728401
Michigan,3,"$10,000 under $25,000","66,860",19.20381434
Michigan,3,"$25,000 under $50,000","84,180",24.1785386
Michigan,3,"$50,000 under $75,000","49,490",14.21472886
Michigan,3,"$75,000 under $100,000","32,930",9.458295037
Michigan,3,"$100,000 under $200,000","46,350",13.31284467
Michigan,3,"$200,000 under $500,000","12,270",3.524241728
Michigan,3,"$500,000 or more","3,260",0.936351103
,,,,
Michigan,4,,"316,500",100
Michigan,4,Under $1,"4,460",1.409162717
Michigan,4,"$1 under $10,000","49,000",15.48183254
Michigan,4,"$10,000 under $25,000","67,460",21.31437599
Michigan,4,"$25,000 under $50,000","73,920",23.35545024
Michigan,4,"$50,000 under $75,000","45,220",14.28751975
Michigan,4,"$75,000 under $100,000","29,290",9.254344392
Michigan,4,"$100,000 under $200,000","38,210",12.07266983
Michigan,4,"$200,000 under $500,000","7,430",2.347551343
Michigan,4,"$500,000 or more","1,510",0.477093207
,,,,
Michigan,5,,"319,780",100
Michigan,5,Under $1,"3,460",1.081993871
Michigan,5,"$1 under $10,000","50,810",15.88904872
Michigan,5,"$10,000 under $25,000","82,970",25.94596285
Michigan,5,"$25,000 under $50,000","75,890",23.73194071
Michigan,5,"$50,000 under $75,000","41,710",13.0433423
Michigan,5,"$75,000 under $100,000","26,370",8.246294327
Michigan,5,"$100,000 under $200,000","32,210",10.07254988
Michigan,5,"$200,000 under $500,000","5,330",1.666770905
Michigan,5,"$500,000 or more","1,030",0.322096441
,,,,
Michigan,6,,"336,290",100
Michigan,6,Under $1,"4,280",1.272711053
Michigan,6,"$1 under $10,000","51,060",15.18332392
Michigan,6,"$10,000 under $25,000","67,390",20.03925184
Michigan,6,"$25,000 under $50,000","79,730",23.7087038
Michigan,6,"$50,000 under $75,000","47,980",14.26744774
Michigan,6,"$75,000 under $100,000","31,220",9.283653989
Michigan,6,"$100,000 under $200,000","42,130",12.52787772
Michigan,6,"$200,000 under $500,000","10,170",3.024175563
Michigan,6,"$500,000 or more","2,330",0.692854382
,,,,
Michigan,7,,"333,880",100
Michigan,7,Under $1,"3,880",1.162094166
Michigan,7,"$1 under $10,000","46,810",14.02000719
Michigan,7,"$10,000 under $25,000","62,330",18.66838385
Michigan,7,"$25,000 under $50,000","76,130",22.80160537
Michigan,7,"$50,000 under $75,000","49,650",14.8706122
Michigan,7,"$75,000 under $100,000","34,940",10.46483767
Michigan,7,"$100,000 under $200,000","49,030",14.68491674
Michigan,7,"$200,000 under $500,000","9,630",2.884269798
Michigan,7,"$500,000 or more","1,480",0.443273032
,,,,
Michigan,8,,"352,020",100
Michigan,8,Under $1,"3,900",1.107891597
Michigan,8,"$1 under $10,000","49,790",14.14408272
Michigan,8,"$10,000 under $25,000","59,370",16.865519
Michigan,8,"$25,000 under $50,000","67,720",19.23754332
Michigan,8,"$50,000 under $75,000","45,340",12.87995
Michigan,8,"$75,000 under $100,000","35,090",9.968183626
Michigan,8,"$100,000 under $200,000","66,370",18.85404238
Michigan,8,"$200,000 under $500,000","20,660",5.868984717
Michigan,8,"$500,000 or more","3,780",1.073802625
,,,,
Michigan,9,,"375,730",100
Michigan,9,Under $1,"4,150",1.104516541
Michigan,9,"$1 under $10,000","53,480",14.23362521
Michigan,9,"$10,000 under $25,000","74,400",19.80145317
Michigan,9,"$25,000 under $50,000","90,680",24.1343518
Michigan,9,"$50,000 under $75,000","55,160",14.6807548
Michigan,9,"$75,000 under $100,000","35,690",9.498842254
Michigan,9,"$100,000 under $200,000","46,460",12.36526229
Michigan,9,"$200,000 under $500,000","12,180",3.241689511
Michigan,9,"$500,000 or more","3,530",0.939504431
,,,,
Michigan,10,,"360,470",100
Michigan,10,Under $1,"4,630",1.284434211
Michigan,10,"$1 under $10,000","53,810",14.92773324
Michigan,10,"$10,000 under $25,000","66,710",18.50639443
Michigan,10,"$25,000 under $50,000","76,430",21.20287403
Michigan,10,"$50,000 under $75,000","50,060",13.88742475
Michigan,10,"$75,000 under $100,000","36,980",10.25882875
Michigan,10,"$100,000 under $200,000","58,680",16.27874719
Michigan,10,"$200,000 under $500,000","11,400",3.162537798
Michigan,10,"$500,000 or more","1,770",0.491025605
,,,,
Michigan,11,,"383,070",100
Michigan,11,Under $1,"4,000",1.044195578
Michigan,11,"$1 under $10,000","49,660",12.9636881
Michigan,11,"$10,000 under $25,000","53,400",13.94001096
Michigan,11,"$25,000 under $50,000","67,370",17.58686402
Michigan,11,"$50,000 under $75,000","50,720",13.24039993
Michigan,11,"$75,000 under $100,000","41,100",10.72910956
Michigan,11,"$100,000 under $200,000","81,120",21.17628632
Michigan,11,"$200,000 under $500,000","29,480",7.695721409
Michigan,11,"$500,000 or more","6,220",1.623724124
,,,,
Michigan,12,,"348,190",100
Michigan,12,Under $1,"3,460",0.993710331
Michigan,12,"$1 under $10,000","49,710",14.27668802
Michigan,12,"$10,000 under $25,000","70,460",20.236078
Michigan,12,"$25,000 under $50,000","79,900",22.94724145
Michigan,12,"$50,000 under $75,000","48,240",13.85450472
Michigan,12,"$75,000 under $100,000","32,430",9.313880353
Michigan,12,"$100,000 under $200,000","48,190",13.84014475
Michigan,12,"$200,000 under $500,000","13,280",3.814009592
Michigan,12,"$500,000 or more","2,520",0.723742784
,,,,
Michigan,13,,"279,130",100
Michigan,13,Under $1,"2,610",0.935048185
Michigan,13,"$1 under $10,000","46,970",16.82728478
Michigan,13,"$10,000 under $25,000","89,520",32.07107799
Michigan,13,"$25,000 under $50,000","74,230",26.5933436
Michigan,13,"$50,000 under $75,000","32,650",11.69705872
Michigan,13,"$75,000 under $100,000","16,490",5.907641601
Michigan,13,"$100,000 under $200,000","14,880",5.330849425
Michigan,13,"$200,000 under $500,000","1,530",0.548131695
Michigan,13,"$500,000 or more",250,0.089564002
,,,,
Michigan,14,,"302,580",100
Michigan,14,Under $1,"3,590",1.186463084
Michigan,14,"$1 under $10,000","45,550",15.05387005
Michigan,14,"$10,000 under $25,000","81,030",26.77969463
Michigan,14,"$25,000 under $50,000","68,680",22.69812942
Michigan,14,"$50,000 under $75,000","35,180",11.62667724
Michigan,14,"$75,000 under $100,000","21,650",7.155132527
Michigan,14,"$100,000 under $200,000","32,110",10.61206954
Michigan,14,"$200,000 under $500,000","11,670",3.856831251
Michigan,14,"$500,000 or more","3,120",1.031132263
,,,,
Missouri,1,,"336,910",100
Missouri,1,Under $1,"3,190",0.946840402
Missouri,1,"$1 under $10,000","46,420",13.77816034
Missouri,1,"$10,000 under $25,000","87,640",26.01288178
Missouri,1,"$25,000 under $50,000","96,580",28.66640943
Missouri,1,"$50,000 under $75,000","44,270",13.14000772
Missouri,1,"$75,000 under $100,000","22,630",6.716927369
Missouri,1,"$100,000 under $200,000","27,050",8.028850435
Missouri,1,"$200,000 under $500,000","7,420",2.202368585
Missouri,1,"$500,000 or more","1,710",0.507553946
,,,,
Missouri,2,,"390,010",100
Missouri,2,Under $1,"4,320",1.107663906
Missouri,2,"$1 under $10,000","46,980",12.04584498
Missouri,2,"$10,000 under $25,000","53,030",13.59708725
Missouri,2,"$25,000 under $50,000","71,480",18.32773519
Missouri,2,"$50,000 under $75,000","52,240",13.39452835
Missouri,2,"$75,000 under $100,000","40,390",10.35614471
Missouri,2,"$100,000 under $200,000","80,020",20.51742263
Missouri,2,"$200,000 under $500,000","32,570",8.351067921
Missouri,2,"$500,000 or more","8,980",2.302505064
,,,,
Missouri,3,,"375,020",100
Missouri,3,Under $1,"4,500",1.199936003
Missouri,3,"$1 under $10,000","48,980",13.06063677
Missouri,3,"$10,000 under $25,000","67,930",18.1137006
Missouri,3,"$25,000 under $50,000","87,790",23.40941816
Missouri,3,"$50,000 under $75,000","55,770",14.87120687
Missouri,3,"$75,000 under $100,000","40,660",10.84208842
Missouri,3,"$100,000 under $200,000","57,200",15.25251987
Missouri,3,"$200,000 under $500,000","10,690",2.850514639
Missouri,3,"$500,000 or more","1,500",0.399978668
,,,,
Missouri,4,,"324,400",100
Missouri,4,Under $1,"5,760",1.775585697
Missouri,4,"$1 under $10,000","46,970",14.47903822
Missouri,4,"$10,000 under $25,000","68,650",21.1621455
Missouri,4,"$25,000 under $50,000","82,610",25.46547472
Missouri,4,"$50,000 under $75,000","47,010",14.49136868
Missouri,4,"$75,000 under $100,000","30,100",9.278668311
Missouri,4,"$100,000 under $200,000","35,030",10.79839704
Missouri,4,"$200,000 under $500,000","7,010",2.160912454
Missouri,4,"$500,000 or more","1,260",0.388409371
,,,,
Missouri,5,,"364,040",100
Missouri,5,Under $1,"3,650",1.002637073
Missouri,5,"$1 under $10,000","48,260",13.25678497
Missouri,5,"$10,000 under $25,000","78,070",21.44544556
Missouri,5,"$25,000 under $50,000","100,890",27.71398747
Missouri,5,"$50,000 under $75,000","54,690",15.02307439
Missouri,5,"$75,000 under $100,000","31,370",8.617184925
Missouri,5,"$100,000 under $200,000","37,570",10.32029447
Missouri,5,"$200,000 under $500,000","7,910",2.17283815
Missouri,5,"$500,000 or more","1,630",0.447752994
,,,,
Missouri,6,,"347,620",100
Missouri,6,Under $1,"5,350",1.539036879
Missouri,6,"$1 under $10,000","46,410",13.35078534
Missouri,6,"$10,000 under $25,000","62,510",17.9822795
Missouri,6,"$25,000 under $50,000","79,740",22.93884126
Missouri,6,"$50,000 under $75,000","51,760",14.88982222
Missouri,6,"$75,000 under $100,000","36,450",10.48558771
Missouri,6,"$100,000 under $200,000","52,340",15.05667108
Missouri,6,"$200,000 under $500,000","11,260",3.239169208
Missouri,6,"$500,000 or more","1,800",0.517806801
,,,,
Missouri,7,,"346,810",100
Missouri,7,Under $1,"5,870",1.692569418
Missouri,7,"$1 under $10,000","51,320",14.79772786
Missouri,7,"$10,000 under $25,000","82,000",23.64407024
Missouri,7,"$25,000 under $50,000","90,020",25.95657565
Missouri,7,"$50,000 under $75,000","48,400",13.95576829
Missouri,7,"$75,000 under $100,000","28,940",8.344626741
Missouri,7,"$100,000 under $200,000","31,200",8.996280384
Missouri,7,"$200,000 under $500,000","7,200",2.076064704
Missouri,7,"$500,000 or more","1,860",0.536316715
,,,,
Missouri,8,,"291,280",100
Missouri,8,Under $1,"5,610",1.925981873
Missouri,8,"$1 under $10,000","45,390",15.58294425
Missouri,8,"$10,000 under $25,000","71,460",24.5330953
Missouri,8,"$25,000 under $50,000","72,980",25.05492996
Missouri,8,"$50,000 under $75,000","40,390",13.86638286
Missouri,8,"$75,000 under $100,000","24,750",8.496978852
Missouri,8,"$100,000 under $200,000","25,270",8.675501236
Missouri,8,"$200,000 under $500,000","4,430",1.520873386
Missouri,8,"$500,000 or more","1,000",0.343312277
,,,,
Pennsylvania,1,,"374,910",100
Pennsylvania,1,Under $1,"4,140",1.104265024
Pennsylvania,1,"$1 under $10,000","50,450",13.45656291
Pennsylvania,1,"$10,000 under $25,000","51,840",13.82731856
Pennsylvania,1,"$25,000 under $50,000","70,570",18.82318423
Pennsylvania,1,"$50,000 under $75,000","50,950",13.58992825
Pennsylvania,1,"$75,000 under $100,000","37,860",10.09842362
Pennsylvania,1,"$100,000 under $200,000","73,810",19.68739164
Pennsylvania,1,"$200,000 under $500,000","29,150",7.775199381
Pennsylvania,1,"$500,000 or more","6,140",1.637726388
,,,,
Pennsylvania,2,,"304,820",100
Pennsylvania,2,Under $1,"2,230",0.731579293
Pennsylvania,2,"$1 under $10,000","43,960",14.42162588
Pennsylvania,2,"$10,000 under $25,000","79,860",26.1990683
Pennsylvania,2,"$25,000 under $50,000","88,850",29.14834985
Pennsylvania,2,"$50,000 under $75,000","41,870",13.73597533
Pennsylvania,2,"$75,000 under $100,000","21,350",7.004133587
Pennsylvania,2,"$100,000 under $200,000","23,120",7.584804147
Pennsylvania,2,"$200,000 under $500,000","3,270",1.072764254
Pennsylvania,2,"$500,000 or more",310,0.101699364
,,,,
Pennsylvania,3,,"329,600",100
Pennsylvania,3,Under $1,"3,430",1.04065534
Pennsylvania,3,"$1 under $10,000","41,340",12.54247573
Pennsylvania,3,"$10,000 under $25,000","74,480",22.59708738
Pennsylvania,3,"$25,000 under $50,000","89,590",27.18143204
Pennsylvania,3,"$50,000 under $75,000","49,320",14.96359223
Pennsylvania,3,"$75,000 under $100,000","25,040",7.597087379
Pennsylvania,3,"$100,000 under $200,000","30,670",9.305218447
Pennsylvania,3,"$200,000 under $500,000","12,420",3.768203883
Pennsylvania,3,"$500,000 or more","3,310",1.004247573
,,,,
Pennsylvania,4,,"392,450",100
Pennsylvania,4,Under $1,"4,300",1.095680978
Pennsylvania,4,"$1 under $10,000","50,300",12.81691935
Pennsylvania,4,"$10,000 under $25,000","50,720",12.92393936
Pennsylvania,4,"$25,000 under $50,000","71,460",18.208689
Pennsylvania,4,"$50,000 under $75,000","53,660",13.67307937
Pennsylvania,4,"$75,000 under $100,000","40,180",10.23824691
Pennsylvania,4,"$100,000 under $200,000","79,700",20.30831953
Pennsylvania,4,"$200,000 under $500,000","34,070",8.681360683
Pennsylvania,4,"$500,000 or more","8,060",2.053764811
,,,,
Pennsylvania,5,,"345,110",100
Pennsylvania,5,Under $1,"3,420",0.990988381
Pennsylvania,5,"$1 under $10,000","45,010",13.04221842
Pennsylvania,5,"$10,000 under $25,000","62,440",18.09278201
Pennsylvania,5,"$25,000 under $50,000","77,330",22.40734838
Pennsylvania,5,"$50,000 under $75,000","47,180",13.67100345
Pennsylvania,5,"$75,000 under $100,000","30,210",8.753730695
Pennsylvania,5,"$100,000 under $200,000","52,140",15.10822636
Pennsylvania,5,"$200,000 under $500,000","21,160",6.131378401
Pennsylvania,5,"$500,000 or more","6,220",1.802323897
,,,,
Pennsylvania,6,,"338,720",100
Pennsylvania,6,Under $1,"3,600",1.062824752
Pennsylvania,6,"$1 under $10,000","46,560",13.74586679
Pennsylvania,6,"$10,000 under $25,000","50,990",15.0537317
Pennsylvania,6,"$25,000 under $50,000","65,950",19.470359
Pennsylvania,6,"$50,000 under $75,000","43,100",12.72437411
Pennsylvania,6,"$75,000 under $100,000","30,500",9.004487482
Pennsylvania,6,"$100,000 under $200,000","61,480",18.15068493
Pennsylvania,6,"$200,000 under $500,000","29,680",8.762399622
Pennsylvania,6,"$500,000 or more","6,860",2.025271611
,,,,
Pennsylvania,7,,"366,710",100
Pennsylvania,7,Under $1,"3,720",1.014425568
Pennsylvania,7,"$1 under $10,000","53,030",14.46101824
Pennsylvania,7,"$10,000 under $25,000","68,290",18.62234463
Pennsylvania,7,"$25,000 under $50,000","85,920",23.42995828
Pennsylvania,7,"$50,000 under $75,000","51,040",13.9183551
Pennsylvania,7,"$75,000 under $100,000","34,310",9.356166998
Pennsylvania,7,"$100,000 under $200,000","53,470",14.58100406
Pennsylvania,7,"$200,000 under $500,000","14,440",3.937716452
Pennsylvania,7,"$500,000 or more","2,490",0.679010662
,,,,
Pennsylvania,8,,"337,100",100
Pennsylvania,8,Under $1,"3,910",1.159893207
Pennsylvania,8,"$1 under $10,000","53,000",15.72233759
Pennsylvania,8,"$10,000 under $25,000","71,220",21.12726194
Pennsylvania,8,"$25,000 under $50,000","84,010",24.92138831
Pennsylvania,8,"$50,000 under $75,000","46,990",13.93948383
Pennsylvania,8,"$75,000 under $100,000","30,040",8.911302284
Pennsylvania,8,"$100,000 under $200,000","39,080",11.59299911
Pennsylvania,8,"$200,000 under $500,000","7,470",2.215959656
Pennsylvania,8,"$500,000 or more","1,380",0.409374073
,,,,
Pennsylvania,9,,"337,970",100
Pennsylvania,9,Under $1,"3,760",1.11252478
Pennsylvania,9,"$1 under $10,000","50,300",14.88297778
Pennsylvania,9,"$10,000 under $25,000","60,510",17.90395597
Pennsylvania,9,"$25,000 under $50,000","81,850",24.21812587
Pennsylvania,9,"$50,000 under $75,000","51,900",15.35639258
Pennsylvania,9,"$75,000 under $100,000","34,750",10.28197769
Pennsylvania,9,"$100,000 under $200,000","45,670",13.5130337
Pennsylvania,9,"$200,000 under $500,000","8,000",2.367074001
Pennsylvania,9,"$500,000 or more","1,230",0.363937628
,,,,
Pennsylvania,10,,"376,430",100
Pennsylvania,10,Under $1,"3,510",0.932444279
Pennsylvania,10,"$1 under $10,000","52,470",13.93884653
Pennsylvania,10,"$10,000 under $25,000","66,140",17.5703318
Pennsylvania,10,"$25,000 under $50,000","91,640",24.34449964
Pennsylvania,10,"$50,000 under $75,000","55,200",14.66408097
Pennsylvania,10,"$75,000 under $100,000","36,960",9.818558563
Pennsylvania,10,"$100,000 under $200,000","55,100",14.63751561
Pennsylvania,10,"$200,000 under $500,000","12,970",3.445527721
Pennsylvania,10,"$500,000 or more","2,440",0.648194884
,,,,
Pennsylvania,11,,"366,670",100
Pennsylvania,11,Under $1,"3,780",1.030899719
Pennsylvania,11,"$1 under $10,000","51,010",13.91169171
Pennsylvania,11,"$10,000 under $25,000","62,950",17.16802575
Pennsylvania,11,"$25,000 under $50,000","87,220",23.78705648
Pennsylvania,11,"$50,000 under $75,000","56,040",15.28349742
Pennsylvania,11,"$75,000 under $100,000","38,390",10.46990482
Pennsylvania,11,"$100,000 under $200,000","53,950",14.7135026
Pennsylvania,11,"$200,000 under $500,000","11,210",3.057244934
Pennsylvania,11,"$500,000 or more","2,120",0.578176562
,,,,
Pennsylvania,12,,"307,170",100
Pennsylvania,12,Under $1,"4,230",1.377087606
Pennsylvania,12,"$1 under $10,000","47,140",15.34655077
Pennsylvania,12,"$10,000 under $25,000","58,020",18.88856334
Pennsylvania,12,"$25,000 under $50,000","74,460",24.2406485
Pennsylvania,12,"$50,000 under $75,000","46,680",15.19679656
Pennsylvania,12,"$75,000 under $100,000","30,830",10.03678745
Pennsylvania,12,"$100,000 under $200,000","37,250",12.1268353
Pennsylvania,12,"$200,000 under $500,000","7,290",2.37327864
Pennsylvania,12,"$500,000 or more","1,270",0.413451834
,,,,
Pennsylvania,13,,"332,820",100
Pennsylvania,13,Under $1,"3,980",1.195841596
Pennsylvania,13,"$1 under $10,000","50,240",15.09524668
Pennsylvania,13,"$10,000 under $25,000","65,200",19.59016886
Pennsylvania,13,"$25,000 under $50,000","81,670",24.53878974
Pennsylvania,13,"$50,000 under $75,000","50,880",15.28754282
Pennsylvania,13,"$75,000 under $100,000","33,970",10.20671835
Pennsylvania,13,"$100,000 under $200,000","39,270",11.79917072
Pennsylvania,13,"$200,000 under $500,000","6,400",1.92296136
Pennsylvania,13,"$500,000 or more","1,210",0.363559882
,,,,
Pennsylvania,14,,"336,210",100
Pennsylvania,14,Under $1,"3,230",0.960709081
Pennsylvania,14,"$1 under $10,000","49,350",14.67832605
Pennsylvania,14,"$10,000 under $25,000","59,940",17.82814312
Pennsylvania,14,"$25,000 under $50,000","75,140",22.34912703
Pennsylvania,14,"$50,000 under $75,000","49,060",14.59207043
Pennsylvania,14,"$75,000 under $100,000","34,670",10.31200738
Pennsylvania,14,"$100,000 under $200,000","51,110",15.20180839
Pennsylvania,14,"$200,000 under $500,000","11,500",3.420481247
Pennsylvania,14,"$500,000 or more","2,210",0.657327266
,,,,
Pennsylvania,15,,"321,700",100
Pennsylvania,15,Under $1,"3,640",1.131488965
Pennsylvania,15,"$1 under $10,000","51,180",15.9092322
Pennsylvania,15,"$10,000 under $25,000","63,150",19.63009015
Pennsylvania,15,"$25,000 under $50,000","79,330",24.65962076
Pennsylvania,15,"$50,000 under $75,000","48,820",15.17562947
Pennsylvania,15,"$75,000 under $100,000","32,630",10.14299036
Pennsylvania,15,"$100,000 under $200,000","36,350",11.29934722
Pennsylvania,15,"$200,000 under $500,000","5,540",1.722101337
Pennsylvania,15,"$500,000 or more","1,060",0.329499534
,,,,
Pennsylvania,16,,"331,910",100
Pennsylvania,16,Under $1,"3,540",1.066554186
Pennsylvania,16,"$1 under $10,000","54,580",16.44421681
Pennsylvania,16,"$10,000 under $25,000","67,380",20.30068392
Pennsylvania,16,"$25,000 under $50,000","78,300",23.59073243
Pennsylvania,16,"$50,000 under $75,000","46,150",13.90437167
Pennsylvania,16,"$75,000 under $100,000","31,390",9.457383026
Pennsylvania,16,"$100,000 under $200,000","39,680",11.95504806
Pennsylvania,16,"$200,000 under $500,000","8,980",2.70555271
Pennsylvania,16,"$500,000 or more","1,910",0.575457202
,,,,
Pennsylvania,17,,"387,110",100
Pennsylvania,17,Under $1,"3,530",0.911885511
Pennsylvania,17,"$1 under $10,000","53,830",13.90560823
Pennsylvania,17,"$10,000 under $25,000","59,640",15.40647361
Pennsylvania,17,"$25,000 under $50,000","83,270",21.51068172
Pennsylvania,17,"$50,000 under $75,000","55,220",14.26467929
Pennsylvania,17,"$75,000 under $100,000","39,760",10.27098241
Pennsylvania,17,"$100,000 under $200,000","65,620",16.95125417
Pennsylvania,17,"$200,000 under $500,000","21,200",5.476479554
Pennsylvania,17,"$500,000 or more","5,040",1.301955517
,,,,
Pennsylvania,18,,"356,980",100
Pennsylvania,18,Under $1,"3,470",0.972043252
Pennsylvania,18,"$1 under $10,000","50,170",14.05400863
Pennsylvania,18,"$10,000 under $25,000","68,690",19.24197434
Pennsylvania,18,"$25,000 under $50,000","91,670",25.67930977
Pennsylvania,18,"$50,000 under $75,000","51,530",14.43498235
Pennsylvania,18,"$75,000 under $100,000","31,970",8.955683792
Pennsylvania,18,"$100,000 under $200,000","44,300",12.4096588
Pennsylvania,18,"$200,000 under $500,000","12,430",3.481987786
Pennsylvania,18,"$500,000 or more","2,750",0.77035128
,,,,
Wisconsin,1,,"359,310",100
Wisconsin,1,Under $1,"3,430",0.954607442
Wisconsin,1,"$1 under $10,000","48,270",13.43408199
Wisconsin,1,"$10,000 under $25,000","61,730",17.18015084
Wisconsin,1,"$25,000 under $50,000","80,720",22.46528068
Wisconsin,1,"$50,000 under $75,000","53,130",14.78667446
Wisconsin,1,"$75,000 under $100,000","38,020",10.58139211
Wisconsin,1,"$100,000 under $200,000","59,270",16.49550527
Wisconsin,1,"$200,000 under $500,000","12,550",3.492805655
Wisconsin,1,"$500,000 or more","2,190",0.609501545
,,,,
Wisconsin,2,,"384,280",100
Wisconsin,2,Under $1,"4,140",1.07733944
Wisconsin,2,"$1 under $10,000","44,740",11.64255231
Wisconsin,2,"$10,000 under $25,000","58,940",15.33777454
Wisconsin,2,"$25,000 under $50,000","90,620",23.5817633
Wisconsin,2,"$50,000 under $75,000","58,710",15.27792235
Wisconsin,2,"$75,000 under $100,000","40,430",10.52097429
Wisconsin,2,"$100,000 under $200,000","65,660",17.08649943
Wisconsin,2,"$200,000 under $500,000","17,580",4.574789216
Wisconsin,2,"$500,000 or more","3,460",0.900385136
,,,,
Wisconsin,3,,"334,640",100
Wisconsin,3,Under $1,"5,250",1.568850108
Wisconsin,3,"$1 under $10,000","45,000",13.44728664
Wisconsin,3,"$10,000 under $25,000","61,690",18.43473584
Wisconsin,3,"$25,000 under $50,000","85,260",25.47812575
Wisconsin,3,"$50,000 under $75,000","51,250",15.31496534
Wisconsin,3,"$75,000 under $100,000","35,080",10.482907
Wisconsin,3,"$100,000 under $200,000","42,090",12.57769543
Wisconsin,3,"$200,000 under $500,000","7,430",2.220296438
Wisconsin,3,"$500,000 or more","1,590",0.475137461
,,,,
Wisconsin,4,,"312,920",100
Wisconsin,4,Under $1,"2,700",0.862840343
Wisconsin,4,"$1 under $10,000","42,430",13.5593762
Wisconsin,4,"$10,000 under $25,000","78,670",25.14061102
Wisconsin,4,"$25,000 under $50,000","90,700",28.9850441
Wisconsin,4,"$50,000 under $75,000","42,900",13.70957433
Wisconsin,4,"$75,000 under $100,000","22,030",7.040138054
Wisconsin,4,"$100,000 under $200,000","25,590",8.177809025
Wisconsin,4,"$200,000 under $500,000","6,140",1.962162853
Wisconsin,4,"$500,000 or more","1,760",0.562444075
,,,,
Wisconsin,5,,"372,250",100
Wisconsin,5,Under $1,"3,700",0.993955675
Wisconsin,5,"$1 under $10,000","45,660",12.2659503
Wisconsin,5,"$10,000 under $25,000","53,430",14.35325722
Wisconsin,5,"$25,000 under $50,000","79,430",21.33781061
Wisconsin,5,"$50,000 under $75,000","57,260",15.38213566
Wisconsin,5,"$75,000 under $100,000","41,550",11.16185359
Wisconsin,5,"$100,000 under $200,000","68,400",18.37474815
Wisconsin,5,"$200,000 under $500,000","18,610",4.999328408
Wisconsin,5,"$500,000 or more","4,210",1.130960376
,,,,
Wisconsin,6,,"354,940",100
Wisconsin,6,Under $1,"4,160",1.172029075
Wisconsin,6,"$1 under $10,000","47,070",13.26139629
Wisconsin,6,"$10,000 under $25,000","59,660",16.80847467
Wisconsin,6,"$25,000 under $50,000","86,130",24.26607314
Wisconsin,6,"$50,000 under $75,000","55,890",15.74632332
Wisconsin,6,"$75,000 under $100,000","38,740",10.91452076
Wisconsin,6,"$100,000 under $200,000","49,740",14.01363611
Wisconsin,6,"$200,000 under $500,000","10,570",2.977968107
Wisconsin,6,"$500,000 or more","2,980",0.83957852
,,,,
Wisconsin,7,,"345,020",100
Wisconsin,7,Under $1,"5,490",1.591212104
Wisconsin,7,"$1 under $10,000","45,920",13.30937337
Wisconsin,7,"$10,000 under $25,000","61,420",17.80186656
Wisconsin,7,"$25,000 under $50,000","86,810",25.16086024
Wisconsin,7,"$50,000 under $75,000","53,090",15.38751377
Wisconsin,7,"$75,000 under $100,000","37,040",10.73560953
Wisconsin,7,"$100,000 under $200,000","44,910",13.01663672
Wisconsin,7,"$200,000 under $500,000","8,580",2.486812359
Wisconsin,7,"$500,000 or more","1,760",0.510115356
,,,,
Wisconsin,8,,"364,320",100
Wisconsin,8,Under $1,"4,020",1.10342556
Wisconsin,8,"$1 under $10,000","47,270",12.97485727
Wisconsin,8,"$10,000 under $25,000","61,470",16.87252964
Wisconsin,8,"$25,000 under $50,000","89,600",24.59376372
Wisconsin,8,"$50,000 under $75,000","56,650",15.54951691
Wisconsin,8,"$75,000 under $100,000","39,740",10.90799297
Wisconsin,8,"$100,000 under $200,000","52,710",14.46805007
Wisconsin,8,"$200,000 under $500,000","10,360",2.843653931
Wisconsin,8,"$500,000 or more","2,500",0.686209925
