CD116,Voting rate,18-44,45-64,65 and older,In Poverty,Did not finish high school,Bachelors or more,White,Black,Asian,Hispanic,Under $1,"$1 under $10,000","$10,000 under $25,000","$25,000 under $50,000","$50,000 under $75,000","$500,000 or more","$75,000 under $100,000","$100,000 under $200,000","$200,000 under $500,000",urbanization_pct
Indiana 01,45.6442263662052,43.2,35.1,21.7,11.3,10.2,21.7,72.4,17.7,1.0,12.7,0.928217822,14.39768977,20.81270627,21.84700613,13.7553041,0.474422442,10.04243281,14.99587459,2.746346063,26.24
Indiana 02,43.7832119943839,43.8,33.6,22.6,11.1,13.2,21.8,88.9,6.52514069069471,0.8,5.7,1.107153458,14.94211932,19.78925497,26.5123182,15.16176907,0.566933808,9.400415554,10.3650935,2.154942119,14.71
Indiana 03,45.467962416346,44.5,34.2,21.3,9.1,11.899999999999999,22.3,90.0,5.8,1.5,3.5,1.082746728,14.83052045,19.33112826,25.62406355,15.01427643,0.590846126,9.897379357,11.35894609,2.270093009,14.32
Indiana 04,43.0903871315867,46.0,33.4,20.7,10.5,9.8,24.7,91.7,4.0,1.6,3.4,1.044265243,14.52979057,18.57341765,23.90207113,14.70383477,0.379996519,10.27150896,13.96124616,2.633869003,10.88
Indiana 05,55.3054925893636,45.099999999999994,34.8,20.1,8.2,6.9,43.4,86.5,8.7,2.4,2.9,1.096236956,13.24971013,15.64772847,20.83377253,13.38937493,1.807736903,9.465584484,17.53452092,6.975334668,22.66
Indiana 06,44.0274299452676,42.3,34.6,23.1,12.8,10.799999999999999,19.6,95.1,2.80309998451829,0.5,1.4,1.148165068,15.30683722,19.91167961,24.60179686,14.65813918,0.365463682,9.88883813,11.93848028,2.18059997,11.06
Indiana 07,41.7589756580614,50.3,32.1,17.6,15.2,14.3,23.2,64.3,29.5,1.8,5.3,0.832719651,14.18172549,25.05806379,30.49056818,13.46230103,0.263411318,6.874185691,7.471817821,1.365207047,81.79
Indiana 08,44.4853764643111,43.0,34.3,22.6,12.0,10.6,20.1,93.6,4.4,0.5,1.1,1.078224747,15.90152418,20.09529918,24.13024222,14.42927395,0.510094994,9.951434069,11.77189285,2.132013806,10.71
Indiana 09,47.1679517753968,46.5,32.9,20.7,11.6,10.1,25.1,93.4,3.02533599393716,1.6,1.9,1.051455421,14.33646573,19.09523264,24.5072198,14.72610589,0.461265185,9.815493926,13.23057529,2.77618611,12.23
Michigan 01,58.863820641648,36.2,35.0,28.8,12.0,8.1,24.2,93.1,1.4,0.4,1.3,1.593649278,15.8409932,21.27551629,24.10170706,14.12498508,0.55210696,9.242568939,10.88098365,2.387489555,2.16
Michigan 02,55.4054519764276,45.3,33.3,21.4,10.3,7.6,24.5,87.7,5.7,1.8,6.6,1.076739019,15.04870962,19.29869538,25.29197288,14.8293739,0.529823962,9.741924457,11.86691734,2.315843446,8.24
Michigan 03,56.3927785883839,46.2,33.5,20.3,10.4,7.1,30.4,87.4,7.5,1.3,4.8,1.013901654,14.15728401,19.20381434,24.1785386,14.21472886,0.936351103,9.458295037,13.31284467,3.524241728,16.94
Michigan 04,51.3660985551539,41.400000000000006,34.0,24.6,13.5,9.100000000000001,19.6,94.9,1.98004101359071,0.6,2.7,1.409162717,15.48183254,21.31437599,23.35545024,14.28751975,0.477093207,9.254344392,12.07266983,2.347551343,9.18
Michigan 05,53.0993664490796,40.599999999999994,35.6,23.8,15.7,10.7,18.5,79.8,16.5766350723647,0.7,4.0,1.081993871,15.88904872,25.94596285,23.73194071,13.0433423,0.322096441,8.246294327,10.07254988,1.666770905,10.91
Michigan 06,54.1417503565623,43.5,33.7,22.8,12.2,9.0,25.9,87.4,7.6,1.1,3.8,1.272711053,15.18332392,20.03925184,23.7087038,14.26744774,0.692854382,9.283653989,12.52787772,3.024175563,11.24
Michigan 07,53.7977106891635,40.2,36.1,23.7,9.2,8.0,23.8,92.4,3.8,0.8,3.4,1.162094166,14.02000719,18.66838385,22.80160537,14.8706122,0.443273032,10.46483767,14.68491674,2.884269798,13.6
Michigan 08,61.6080092053197,44.7,35.2,20.0,9.5,5.7,35.6,88.7,5.6,2.8,4.3,1.107891597,14.14408272,16.865519,19.23754332,12.87995,1.073802625,9.968183626,18.85404238,5.868984717,26.84
Michigan 09,55.1630641497952,44.599999999999994,34.5,20.9,10.7,9.3,29.1,81.1,13.5,3.0,2.1,1.104516541,14.23362521,19.80145317,24.1343518,14.6807548,0.939504431,9.498842254,12.36526229,3.241689511,96.22
Michigan 10,54.7240539974431,38.1,38.4,23.6,9.0,8.4,22.5,93.3,3.12348773212183,1.5,2.4,1.284434211,14.92773324,18.50639443,21.20287403,13.88742475,0.491025605,10.25882875,16.27874719,3.162537798,9.1
Michigan 11,65.6114147456046,39.400000000000006,38.0,22.5,5.9,4.7,44.6,85.4,5.3,6.9,2.0,1.044195578,12.9636881,13.94001096,17.58686402,13.24039993,1.623724124,10.72910956,21.17628632,7.695721409,70.57
Michigan 12,55.912688848699,49.099999999999994,31.6,19.3,14.0,8.3,31.7,81.2,10.9,3.9,4.8,0.993710331,14.27668802,20.236078,22.94724145,13.85450472,0.723742784,9.313880353,13.84014475,3.814009592,58.76
Michigan 13,41.3488253545632,45.900000000000006,34.0,20.1,24.7,15.3,15.2,40.0,55.4,0.9,4.3,0.935048185,16.82728478,32.07107799,26.5933436,11.69705872,0.089564002,5.907641601,5.330849425,0.548131695,92.33
Michigan 14,51.6707581734266,44.2,33.4,22.3,17.1,12.4,28.9,35.9,57.9,3.1,2.7,1.186463084,15.05387005,26.77969463,22.69812942,11.62667724,1.031132263,7.155132527,10.61206954,3.856831251,79.74
Missouri 01,49.9443899366719,49.2,31.7,19.2,16.1,10.100000000000001,30.2,47.4,47.5,1.9,2.1,0.946840402,13.77816034,26.01288178,28.66640943,13.14000772,0.507553946,6.716927369,8.028850435,2.202368585,80.12
Missouri 02,65.3087380259383,38.7,36.6,24.7,4.4,4.8,46.4,90.8,3.92391478010795,3.5,2.0,1.107663906,12.04584498,13.59708725,18.32773519,13.39452835,2.302505064,10.35614471,20.51742263,8.351067921,61.73
Missouri 03,53.8546789039532,43.400000000000006,35.5,21.2,7.5,9.1,25.1,94.1,3.51938123394852,0.5,1.5,1.199936003,13.06063677,18.1137006,23.40941816,14.87120687,0.399978668,10.84208842,15.25251987,2.850514639,9.49
Missouri 04,50.1459161430953,46.1,31.7,22.2,14.3,9.6,22.4,91.0,4.4,1.0,2.8,1.775585697,14.47903822,21.1621455,25.46547472,14.49136868,0.388409371,9.278668311,10.79839704,2.160912454,6.6
Missouri 05,49.4592828199207,47.0,32.3,20.7,11.2,8.5,27.1,73.4,21.0,1.1,5.9,1.002637073,13.25678497,21.44544556,27.71398747,15.02307439,0.447752994,8.617184925,10.32029447,2.17283815,15.56
Missouri 06,52.344731488353,43.6,34.5,21.9,9.0,8.8,26.6,91.7,4.6,0.9,2.8,1.539036879,13.35078534,17.9822795,22.93884126,14.88982222,0.517806801,10.48558771,15.05667108,3.239169208,6.23
Missouri 07,49.7776038981864,44.5,32.3,23.2,14.1,10.3,21.9,93.0,2.1,0.9,3.1,1.692569418,14.79772786,23.64407024,25.95657565,13.95576829,0.536316715,8.344626741,8.996280384,2.076064704,10.16
Missouri 08,46.5723238867253,40.5,35.0,24.6,16.1,15.5,16.2,93.0,4.41152898363093,,1.2,1.925981873,15.58294425,24.5330953,25.05492996,13.86638286,0.343312277,8.496978852,8.675501236,1.520873386,5.65
Ohio 01,55.5425100840879,44.8,34.8,20.4,11.7,9.3,32.6,75.3,20.3,1.8,1.7,0.819969321,13.21154651,19.3334263,23.66476084,14.02593781,1.149072654,9.175847162,14.08450704,4.534932366,41.74
Ohio 02,51.9132714782668,43.9,34.7,21.3,11.9,9.3,30.2,88.1,8.8,1.0,1.2,0.947771144,12.22537824,18.7003652,25.0333314,15.20781404,1.063706452,9.353080981,13.23401542,4.234537128,13.41
Ohio 03,43.973844977298,54.599999999999994,30.9,14.5,16.1,10.4,26.6,60.7,31.4,2.9,3.6,0.693753529,12.69192503,24.95899325,31.38293581,14.18967974,0.30385329,7.144585765,7.30054586,1.333727715,83.11
Ohio 04,47.415238158394,42.0,35.4,22.6,10.4,9.0,17.1,91.6,5.43514701385589,0.7,3.2,0.906720398,13.13559322,19.5359725,27.41792106,16.05132156,0.334834657,9.991703212,10.92509186,1.700841531,13.39
Ohio 05,51.6445697241843,41.7,34.7,23.6,9.3,7.5,25.0,93.0,2.92113021262958,0.9,4.1,0.883756388,12.39235395,17.62995172,25.81246294,16.13067171,0.621170624,10.47237202,13.23940481,2.817855832,12.61
Ohio 06,45.7106318580147,38.2,36.3,25.4,14.9,11.2,15.8,95.7,2.18925143320942,,0.8,1.04098253,13.07631683,21.76540129,25.92933141,15.49651911,0.4006305,9.831866544,10.59372127,1.865230527,10.75
Ohio 07,46.7938544838284,41.1,34.7,24.1,10.1,11.899999999999999,19.8,94.1,3.51439076233699,0.5,1.3,1.004237534,12.99413711,19.9599466,26.19724851,15.90236257,0.380217101,9.955302722,11.49358565,2.11296221,14.61
Ohio 08,47.79101986435,42.9,34.7,22.4,10.0,9.4,22.7,90.6,5.8,1.4,1.7,0.860685631,12.83442743,18.91174325,25.80889861,15.3785558,0.423048869,9.913931437,13.15827863,2.710430343,18.18
Ohio 09,42.4988410423107,45.8,34.0,20.2,16.8,11.7,21.4,78.7,14.7,1.1,9.7,0.854497982,14.06361263,24.24638025,28.23700451,14.50272965,0.394611915,7.714217897,8.257180157,1.729765013,11.52
Ohio 10,50.9898391714961,43.9,33.0,23.1,13.6,8.8,28.1,79.6,15.9,1.6,1.9,0.900690821,12.56594864,20.89952488,25.8023144,14.83662226,0.524674265,9.318797913,12.45518407,2.696242749,30.34
Ohio 11,47.7626842834359,43.6,33.9,22.5,21.1,13.3,26.4,43.1,51.4,1.5,3.3,1.03553626,14.22736774,27.15227529,27.26161762,12.41678726,0.980865091,6.174626146,7.801897411,2.949027175,27.16
Ohio 12,58.3075058879749,44.3,34.7,20.9,8.6,6.6000000000000005,38.3,90.2,4.9,2.3,1.9,0.882491989,12.22093817,15.52240374,21.01696696,14.63991175,1.213426485,10.67395073,17.84419814,5.985712034,19.01
Ohio 13,44.8930314628052,42.8,33.6,23.5,14.8,9.7,21.6,85.4,10.8,1.2,,0.911073274,13.80350689,24.07324432,28.12079935,15.08797085,0.265854169,8.119007079,8.262389103,1.356154972,38.14
Ohio 14,55.513051142562,37.5,36.6,25.9,6.8,8.1,34.7,92.1,4.81118648720894,1.5,2.1,1.079553103,12.82272177,15.94561852,22.23448647,15.60102302,1.259927312,10.55054516,15.71678557,4.789339077,14.16
Ohio 15,49.8971151286829,46.2,33.4,20.4,11.1,8.700000000000001,29.9,91.2,4.7,1.7,1.5,0.940047144,11.87413024,17.04580955,24.35318508,16.37556445,0.658885008,10.65008094,14.64599131,3.456306268,11.16
Ohio 16,54.1661546024333,38.6,35.3,26.2,6.2,6.0,33.0,93.7,3.12678469446031,1.5,1.8,0.983112662,12.41311874,16.2345728,22.97893708,16.30592775,0.753191152,11.09173075,15.4205978,3.818811279,32.95
Pennsylvania 01,60.5289432147708,37.9,38.2,23.9,5.1,5.800000000000001,39.6,89.1,3.4,5.2,3.9,1.104265024,13.45656291,13.82731856,18.82318423,13.58992825,1.637726388,10.09842362,19.68739164,7.775199381,41.87
Pennsylvania 02,40.6803488348674,48.4,32.8,18.8,21.6,16.7,20.0,51.6,26.5,6.2,21.7,0.731579293,14.42162588,26.1990683,29.14834985,13.73597533,0.101699364,7.004133587,7.584804147,1.072764254,88.8
Pennsylvania 03,54.5502043881462,55.1,27.6,17.3,21.1,9.6,37.2,37.0,54.5,4.4,4.1,1.04065534,12.54247573,22.59708738,27.18143204,14.96359223,1.004247573,7.597087379,9.305218447,3.768203883,87.43
Pennsylvania 04,61.2427651579941,40.400000000000006,36.2,23.4,5.4,5.800000000000001,44.6,83.6,9.6,4.1,3.5,1.095680978,12.81691935,12.92393936,18.208689,13.67307937,2.053764811,10.23824691,20.30831953,8.681360683,57.3
Pennsylvania 05,58.6007619479868,44.5,34.0,21.5,9.1,8.0,34.6,69.9,22.8,4.8,3.3,0.990988381,13.04221842,18.09278201,22.40734838,13.67100345,1.802323897,8.753730695,15.10822636,6.131378401,71.89
Pennsylvania 06,57.7206107337372,42.2,35.6,22.2,7.9,7.699999999999999,42.8,86.0,6.2,2.7,10.3,1.062824752,13.74586679,15.0537317,19.470359,12.72437411,2.025271611,9.004487482,18.15068493,8.762399622,33.81
Pennsylvania 07,47.6854719804086,42.2,34.5,23.3,10.0,9.3,27.5,85.0,6.3,2.4,14.7,1.014425568,14.46101824,18.62234463,23.42995828,13.9183551,0.679010662,9.356166998,14.58100406,3.937716452,34.52
Pennsylvania 08,46.3746395755821,38.900000000000006,35.9,25.2,11.5,9.2,23.7,89.8,5.1,1.4,8.2,1.159893207,15.72233759,21.12726194,24.92138831,13.93948383,0.409374073,8.911302284,11.59299911,2.215959656,15.07
Pennsylvania 09,44.78916827853,38.9,36.0,25.1,9.3,10.7,20.1,93.3,2.8,0.9,5.2,1.11252478,14.88297778,17.90395597,24.21812587,15.35639258,0.363937628,10.28197769,13.5130337,2.367074001,14.63
Pennsylvania 10,52.6507839735437,42.8,34.4,22.7,8.7,9.0,30.1,83.4,10.3,2.5,6.1,0.932444279,13.93884653,17.5703318,24.34449964,14.66408097,0.648194884,9.818558563,14.63751561,3.445527721,29.91
Pennsylvania 11,50.1445170241054,41.4,34.4,24.2,6.9,14.0,25.3,91.2,3.2,1.5,6.7,1.030899719,13.91169171,17.16802575,23.78705648,15.28349742,0.578176562,10.46990482,14.7135026,3.057244934,23.77
Pennsylvania 12,44.2581239950492,42.5,33.3,24.3,12.8,9.899999999999999,20.2,95.6,2.15980487167482,0.9,1.9,1.377087606,15.34655077,18.88856334,24.2406485,15.19679656,0.413451834,10.03678745,12.1268353,2.37327864,7.57
Pennsylvania 13,46.461362915076,37.8,35.9,26.3,10.1,9.9,18.5,94.8,2.9,0.4,1.6,1.195841596,15.09524668,19.59016886,24.53878974,15.28754282,0.363559882,10.20671835,11.79917072,1.92296136,10.3
Pennsylvania 14,47.4336132258275,37.3,36.2,26.5,9.5,6.7,25.5,95.0,2.98949133107387,0.6,1.1,0.960709081,14.67832605,17.82814312,22.34912703,14.59207043,0.657327266,10.31200738,15.20180839,3.420481247,17.56
Pennsylvania 15,44.3976194599127,38.9,35.4,25.7,11.1,8.8,20.0,95.9,,0.5,1.2,1.131488965,15.9092322,19.63009015,24.65962076,15.17562947,0.329499534,10.14299036,11.29934722,1.722101337,7.38
Pennsylvania 16,48.6179614978414,40.3,35.0,24.7,12.6,8.100000000000001,24.7,92.9,4.2,0.7,1.9,1.066554186,16.44421681,20.30068392,23.59073243,13.90437167,0.575457202,9.457383026,11.95504806,2.70555271,12.32
Pennsylvania 17,58.2134332227755,39.1,36.0,24.8,7.5,4.800000000000001,38.9,90.9,5.7,1.7,1.3,0.911885511,13.90560823,15.40647361,21.51068172,14.26467929,1.301955517,10.27098241,16.95125417,5.476479554,37.68
Pennsylvania 18,42.5195172578482,45.8,30.8,23.4,13.7,5.8,36.1,78.5,16.6,2.3,1.8,0.972043252,14.05400863,19.24197434,25.67930977,14.43498235,0.77035128,8.955683792,12.4096588,3.481987786,63.84
Wisconsin 01,60.26743783219,40.8,37.5,21.7,8.2,7.3,27.4,90.2,5.1,1.4,6.5,0.954607442,13.43408199,17.18015084,22.46528068,14.78667446,0.609501545,10.58139211,16.49550527,3.492805655,15.71
Wisconsin 02,54.897608205185,48.3,32.0,19.8,10.5,5.800000000000001,38.2,90.4,4.0,2.7,3.5,1.07733944,11.64255231,15.33777454,23.5817633,15.27792235,0.900385136,10.52097429,17.08649943,4.574789216,10.89
Wisconsin 03,55.5830245279689,44.3,32.9,22.8,12.1,7.1,22.9,94.9,1.11134639138874,1.8,1.8,1.568850108,13.44728664,18.43473584,25.47812575,15.31496534,0.475137461,10.482907,12.57769543,2.220296438,7.91
Wisconsin 04,55.3768379557248,52.4,30.4,17.2,18.6,11.600000000000001,26.9,56.2,32.4,2.5,11.9,0.862840343,13.5593762,25.14061102,28.9850441,13.70957433,0.562444075,7.040138054,8.177809025,1.962162853,11.47
Wisconsin 05,65.1905405284491,41.2,35.4,23.5,6.4,5.1,36.1,93.3,2.71865856604719,2.1,3.5,0.993955675,12.2659503,14.35325722,21.33781061,15.38213566,1.130960376,11.16185359,18.37474815,4.999328408,22.15
Wisconsin 06,58.4139734224642,40.4,36.0,23.7,8.2,7.6,23.8,94.3,2.0246727225352,1.7,2.9,1.172029075,13.26139629,16.80847467,24.26607314,15.74632332,0.83957852,10.91452076,14.01363611,2.977968107,7.94
Wisconsin 07,58.4166137399552,36.6,37.3,26.1,8.9,8.3,22.3,94.6,0.6,1.4,1.5,1.591212104,13.30937337,17.80186656,25.16086024,15.38751377,0.510115356,10.73560953,13.01663672,2.486812359,4.87
Wisconsin 08,59.1102201526416,41.4,36.1,22.6,7.6,6.8,25.2,92.8,1.39804568459471,1.6,2.8,1.10342556,12.97485727,16.87252964,24.59376372,15.54951691,0.686209925,10.90799297,14.46805007,2.843653931,6.85
