"Table 1. Number of Votes Cast, Citizen Voting-Age Population and Voting Rates for Congressional Districts: 2018",,,,,,,,
"[Table with column headings in rows 3 and 4, and row headings in columns A, B, C, and D. Columns E, F, and G are in persons, columns H and I are in percent.]",,,,,,,,
Line #,State abbreviation,State name,Congressional district,"Votes cast for congressional representative for the November 6, 2018 election1",Citizen voting- age population2,,Voting rate3,
,,,,,Estimate,Margin of error (MOE),Estimate,Margin of error (MOE)
1,AL,Alabama,1,242617,544464,3424,44.5607055746569,0.280231302505997
2,AL,Alabama,2,226230,516295,5674,43.8179722832877,0.481552551807347
3,AL,Alabama,3,231915,543854,4099,42.6428784195758,0.321397210725381
4,AL,Alabama,4,230969,515701,4678,44.787386489458,0.406273003150439
5,AL,Alabama,5,260673,551968,2121,47.2261073105687,0.181471704167119
6,AL,Alabama,6,278328,535753,7635,51.9508056884422,0.740349380089811
7,AL,Alabama,7,189163,504177,9052,37.519164896455,0.673619543618037
8,AK,Alaska,At-large,282166,532244,2539,53.0144069261467,0.252898255659972
9,AZ,Arizona,1,266089,568661,9203,46.7922013290871,0.757267737424562
10,AZ,Arizona,2,294152,550044,9439,53.477903585895,0.917704641714595
11,AZ,Arizona,3,179518,500787,12277,35.8471765441196,0.878808328555166
12,AZ,Arizona,4,277035,633528,10386,43.7289275296435,0.716888032293565
13,AZ,Arizona,5,313064,587681,10348,53.2710773361739,0.938007368410289
14,AZ,Arizona,6,313699,577899,11084,54.2826687708406,1.04113192903258
15,AZ,Arizona,7,132051,454957,12175,29.0249408185829,0.776729788675075
16,AZ,Arizona,8,304417,599423,9645,50.7850049130581,0.817154784495165
17,AZ,Arizona,9,261245,562791,12216,46.4195411795853,1.00758739043413
18,AR,Arkansas,1,201245,548710,3198,36.6760219423739,0.213755751073813
19,AR,Arkansas,2,253453,570220,3398,44.4482831187963,0.264871919676037
20,AR,Arkansas,3,229568,573113,5357,40.0563239710144,0.374414343266903
21,AR,Arkansas,4,204892,532069,4667,38.5085393059923,0.337774523494257
22,CA,California,1,291594,553702,4675,52.6626235773033,0.444639472539187
23,CA,California,2,315657,534951,6691,59.0067127643466,0.738037530738784
24,CA,California,3,232251,504299,7222,46.0542257668566,0.659536541790164
25,CA,California,4,340654,573118,5649,59.438719426017,0.585864213019954
26,CA,California,5,261018,508369,9829,51.3442007675527,0.99270834638673
27,CA,California,6,201939,506434,10206,39.8746924574574,0.803581732705171
28,CA,California,7,281617,537436,8063,52.4000997328054,0.786143846235849
29,CA,California,8,170785,477512,10385,35.7655933254033,0.777835293530453
30,CA,California,9,200763,482967,8819,41.5686786053706,0.759046014781057
31,CA,California,10,221900,493409,7043,44.9728318697065,0.641949487865731
32,CA,California,11,275681,508963,9040,54.1652340150463,0.962061516251709
33,CA,California,12,317072,571300,7542,55.5000875196919,0.732682758749373
34,CA,California,13,294837,536892,6882,54.9155137346058,0.703919159759426
35,CA,California,14,266823,511049,8400,52.2108447526558,0.858178170630035
36,CA,California,15,243929,503361,8070,48.4600515335912,0.776922756979744
37,CA,California,16,142959,423147,10984,33.7847131138824,0.876979604825
38,CA,California,17,211162,438374,13412,48.1693713587029,1.47373614462291
39,CA,California,18,302238,491580,9611,61.4829732698645,1.20206854651668
40,CA,California,19,220319,482363,9857,45.6749377543468,0.933359029288309
41,CA,California,20,225721,434889,8953,51.9031293042592,1.06852258084484
42,CA,California,21,113616,354669,11267,32.0343757136936,1.01765677622286
43,CA,California,22,222379,483064,10845,46.035100939006,1.03350833364424
44,CA,California,23,205774,490446,10566,41.9565048955441,0.903896516081931
45,CA,California,24,284431,508333,5576,55.9536760351974,0.613766364906982
46,CA,California,25,245022,482964,10876,50.7329738862524,1.14246988178597
47,CA,California,26,255426,480928,6034,53.1110686007053,0.66636209149115
48,CA,California,27,202636,471963,11108,42.9347215777508,1.01050058433745
49,CA,California,28,250934,502971,13353,49.8903515312016,1.32450153984253
50,CA,California,29,154692,402898,11545,38.3948294605583,1.10019981762666
51,CA,California,30,260993,529846,14610,49.2582750459568,1.35825013007823
52,CA,California,31,187495,482081,9659,38.8928416593892,0.779258999189016
53,CA,California,32,177031,449452,11398,39.3881882826197,0.998875452874389
54,CA,California,33,312860,517251,10427,60.4851416430321,1.21928922691671
55,CA,California,34,151906,425520,11922,35.6989095694679,1.00019364515698
56,CA,California,35,149024,450565,12666,33.0749170485945,0.929781273151484
57,CA,California,36,207008,536333,9648,38.5969164679406,0.694313141430215
58,CA,California,37,236378,468463,13452,50.4582005409179,1.44891637904472
59,CA,California,38,202156,481296,10991,42.0024267810246,0.95917828685516
60,CA,California,39,244393,486713,10190,50.2129591771742,1.05127673601364
61,CA,California,40,121449,340435,9624,35.6746515487538,1.00851218736383
62,CA,California,41,166248,478613,8532,34.7353707483917,0.619210475321978
63,CA,California,42,231932,538265,9226,43.0888131310786,0.738553296140991
64,CA,California,43,196052,454185,11440,43.1656703766087,1.08725578587669
65,CA,California,44,143322,395819,8661,36.2089743039116,0.792296293119276
66,CA,California,45,305289,532802,12285,57.2987714010083,1.32115759073987
67,CA,California,46,147916,408633,10145,36.1977618058258,0.898670184542371
68,CA,California,47,221036,491712,10923,44.9523298190811,0.998581077162694
69,CA,California,48,294736,529832,8764,55.6281991272705,0.920151174620255
70,CA,California,49,295030,519302,10212,56.8127987182795,1.11721560962806
71,CA,California,50,259810,513522,11367,50.5937428191976,1.11991126889563
72,CA,California,51,153828,445034,11226,34.5654489319917,0.871914796870664
73,CA,California,52,296007,546843,12471,54.1301616734602,1.23446262680463
74,CA,California,53,268794,563962,15636,47.6617218890634,1.3214342162369
75,CO,Colorado,1,369715,619349,5507,59.6941304498756,0.530775986378383
76,CO,Colorado,2,430765,619285,6451,69.5584423972807,0.724579978369988
77,CO,Colorado,3,336201,565901,5796,59.4098614421957,0.608480205758545
78,CO,Colorado,4,369621,598599,5986,61.7476808347491,0.617477839884144
79,CO,Colorado,5,322716,603967,3639,53.4327206618905,0.321940884996398
80,CO,Colorado,6,346822,567801,9080,61.081611339184,0.976787696675051
81,CO,Colorado,7,338067,576138,8222,58.6781291982129,0.837388921174626
82,CT,Connecticut,1,274140,523004,7034,52.4164251133835,0.704960448194544
83,CT,Connecticut,2,289114,548572,5593,52.7030180176896,0.53733690340181
84,CT,Connecticut,3,270239,535024,7312,50.5096967612668,0.690299692571516
85,CT,Connecticut,4,275651,496370,6476,55.5333722827729,0.724528313361479
86,CT,Connecticut,5,270664,511395,9390,52.9266027239218,0.971813959028981
87,DE,Delaware,At-large,353814,720867,3971,49.0817307492228,0.270373803774016
88,DC,District of Columbia,At-large,228769,526393,4612,43.4597344569552,0.380773101685389
89,FL,Florida,1,322388,601423,2752,53.6042020341756,0.245282877439092
90,FL,Florida,2,295568,573718,6050,51.5179931604028,0.543270140766783
91,FL,Florida,3,306496,579993,6726,52.8447757128103,0.612824571062689
92,FL,Florida,4,381249,614794,10052,62.0124789766979,1.01391594367181
93,FL,Florida,5,270326,541992,11225,49.8763819392168,1.03297168088774
94,FL,Florida,6,333649,621566,6917,53.6787726484396,0.597355824496927
95,FL,Florida,7,317398,581583,10621,54.5748414241819,0.996658070759008
96,FL,Florida,8,360527,610604,4145,59.0443233257561,0.400814144986373
97,FL,Florida,9,296737,644898,15477,46.0130129105688,1.10427292504687
98,FL,Florida,10,0,546157,12769,0,0
99,FL,Florida,11,367506,652135,10786,56.3542824721875,0.932072792818994
100,FL,Florida,12,334918,605983,7435,55.268547137461,0.678107550817469
101,FL,Florida,13,316971,584889,8338,54.1933597656991,0.772564082631746
102,FL,Florida,14,0,534225,9792,0,0
103,FL,Florida,15,285532,578715,14070,49.3389665033739,1.19955290376519
104,FL,Florida,16,361946,638769,8875,56.6630503358804,0.787271410683578
105,FL,Florida,17,310520,615104,10351,50.4825200291333,0.849522300003834
106,FL,Florida,18,342359,599873,10324,57.0719135550358,0.982225296924832
107,FL,Florida,19,339607,631233,11072,53.8005775997136,0.943676891391972
108,FL,Florida,20,202824,507613,13423,39.9564234958522,1.05658261822456
109,FL,Florida,21,0,546101,11927,0,0
110,FL,Florida,22,297683,534846,11346,55.657703338905,1.18069930799373
111,FL,Florida,23,276366,510212,9952,54.1668953297845,1.05655872915967
112,FL,Florida,24,0,477697,12311,0,0
113,FL,Florida,25,212845,453055,14226,46.979947247023,1.47517791335743
114,FL,Florida,26,235475,476033,12380,49.4661084420618,1.28644531474231
115,FL,Florida,27,252586,464604,13439,54.3658685676404,1.57257128152259
116,GA,Georgia,1,250683,550713,4548,45.5197171666549,0.375919351230035
117,GA,Georgia,2,229171,498322,5387,45.9885375319573,0.497148935195825
118,GA,Georgia,3,293006,548941,6659,53.3765923842453,0.647491677041229
119,GA,Georgia,4,288809,527938,10870,54.7050979471074,1.12635274347567
120,GA,Georgia,5,275406,587385,11293,46.886794861973,0.901440408550203
121,GA,Georgia,6,317032,496468,9646,63.8574893044466,1.24070300972206
122,GA,Georgia,7,280441,486845,13303,57.603754788485,1.57401791114465
123,GA,Georgia,8,198716,527338,5981,37.6828523641384,0.427394081196333
124,GA,Georgia,9,282578,556967,6033,50.735142297479,0.549556999751675
125,GA,Georgia,10,302735,565803,9414,53.5053720111063,0.890238425940752
126,GA,Georgia,11,310540,559687,9450,55.4845833474781,0.936825962785751
127,GA,Georgia,12,250492,540482,5219,46.3460392760536,0.447526428228366
128,GA,Georgia,13,293010,523476,12223,55.9739128441419,1.30697326466533
129,GA,Georgia,14,229724,516434,4331,44.4827412602578,0.373048157941144
130,HI,Hawaii,1,191667,509992,8672,37.5823542330076,0.639057428172681
131,HI,Hawaii,2,206990,506514,7345,40.8656029250919,0.592595374431506
132,ID,Idaho,1,315069,661724,6207,47.6133554170621,0.446615351829017
133,ID,Idaho,2,280655,590690,6236,47.5130779258156,0.501602454663844
134,IL,Illinois,1,257885,524114,13385,49.2039899716474,1.25658808154428
135,IL,Illinois,2,235251,497132,10186,47.3216369093118,0.96959800125168
136,IL,Illinois,3,223334,479004,11273,46.624662842064,1.09727648248989
137,IL,Illinois,4,166189,410804,10402,40.4545720100096,1.02435336084391
138,IL,Illinois,5,279131,545831,13594,51.138722425073,1.27361727832688
139,IL,Illinois,6,315446,523796,7397,60.2230639409236,0.850464692305805
140,IL,Illinois,7,246243,522767,13446,47.1037766347149,1.21154812876554
141,IL,Illinois,8,197127,442009,9089,44.5979606750089,0.917064730752441
142,IL,Illinois,9,290351,498242,10167,58.2750952348457,1.1891468267482
143,IL,Illinois,10,238664,468255,7926,50.9688097297413,0.862732455431185
144,IL,Illinois,11,227765,472244,8696,48.2303639643913,0.888124031293879
145,IL,Illinois,12,261543,528398,3128,49.4973485895102,0.293013422435338
146,IL,Illinois,13,270981,539012,6187,50.2736488241449,0.577061485226645
147,IL,Illinois,14,297199,525729,7412,56.5308362293121,0.797001036906203
148,IL,Illinois,15,255608,532371,4362,48.0131336981165,0.393397253402579
149,IL,Illinois,16,255825,520730,4681,49.1281470243696,0.441627822904527
150,IL,Illinois,17,229749,512994,5263,44.7859039287009,0.459475573548137
151,IL,Illinois,18,291413,531334,6741,54.8455397170142,0.695821805554308
152,IN,Indiana,1,245209,537218,2969,45.6442263662052,0.252258316142168
153,IN,Indiana,2,228889,522778,3982,43.7832119943839,0.333496723583694
154,IN,Indiana,3,245537,540022,2746,45.467962416346,0.231203589474662
155,IN,Indiana,4,244363,567094,4245,43.0903871315867,0.322554450185658
156,IN,Indiana,5,317177,573500,6937,55.3054925893636,0.66896983799898
157,IN,Indiana,6,241726,549035,2722,44.0274299452676,0.218278733252012
158,IN,Indiana,7,217596,521076,6956,41.7589756580614,0.557453106029591
159,IN,Indiana,8,244291,549149,2287,44.4853764643111,0.18526493897627
160,IN,Indiana,9,271361,575308,3657,47.1679517753968,0.299827570001853
161,IA,Iowa,1,334243,580187,2876,57.609529341402,0.285571731848304
162,IA,Iowa,2,312913,581525,2670,53.8090365848416,0.247057525783977
163,IA,Iowa,3,356241,601044,3898,59.2703695569709,0.384390993892415
164,IA,Iowa,4,313045,564463,2859,55.4589051895341,0.28089885419749
165,KS,Kansas,1,224640,502712,3509,44.6856251690829,0.311911907251691
166,KS,Kansas,2,264688,538594,2980,49.1442533708136,0.27191144915284
167,KS,Kansas,3,318301,534532,3744,59.5476042594269,0.417086779364555
168,KS,Kansas,4,242693,515676,3192,47.0630783670367,0.291317311931486
169,KY,Kentucky,1,251016,552530,3169,45.4302933777352,0.260562502875939
170,KY,Kentucky,2,257345,577362,4615,44.5725558661637,0.356279674315846
171,KY,Kentucky,3,278720,553926,3786,50.3171903828309,0.343910346850298
172,KY,Kentucky,4,261812,565232,4216,46.3193874373709,0.345490944313053
173,KY,Kentucky,5,218017,537877,3689,40.5328727571545,0.277992491965901
174,KY,Kentucky,6,302888,581992,4750,52.043327056042,0.424758078317571
175,LA,Louisiana,1,269325,594231,7375,45.3232833695987,0.562507198127984
176,LA,Louisiana,2,235982,587115,8471,40.1934884988461,0.579918825227979
177,LA,Louisiana,3,245943,577604,2928,42.5798644053712,0.2158465713169
178,LA,Louisiana,4,216872,559310,2947,38.7749190967442,0.204304744378082
179,LA,Louisiana,5,223946,555804,4901,40.2922613007463,0.355291384435804
180,LA,Louisiana,6,268525,585015,7251,45.9005324649795,0.568916627613936
181,ME,Maine,1,349963,546625,3606,64.0225017150698,0.422346473696852
182,ME,Maine,2,281371,524036,3159,53.6930668885344,0.323673179516064
183,MD,Maryland,1,306186,567926,5943,53.9130097935294,0.564166840755566
184,MD,Maryland,2,253302,560167,10243,45.219015043728,0.82685765333
185,MD,Maryland,3,292880,545892,12375,53.6516380529482,1.21624610894689
186,MD,Maryland,4,268583,503398,11202,53.3540061740412,1.18727443724768
187,MD,Maryland,5,304209,556897,9297,54.625720734714,0.911937621625966
188,MD,Maryland,6,277084,523698,8346,52.9091193779621,0.843194952679735
189,MD,Maryland,7,264710,528398,10931,50.0967074061597,1.03635348479126
190,MD,Maryland,8,319330,533774,9035,59.8249446394916,1.01263526289742
191,MA,Massachusetts,1,275066,568024,5218,48.425066546484,0.444843874976327
192,MA,Massachusetts,2,293163,558962,8532,52.4477513677137,0.800562855201845
193,MA,Massachusetts,3,286583,543580,9566,52.721402553442,0.927798919802469
194,MA,Massachusetts,4,322127,559943,7776,57.5285341543693,0.798906105772151
195,MA,Massachusetts,5,323836,535109,10214,60.5177636705793,1.15514491090843
196,MA,Massachusetts,6,343765,577241,6734,59.553115596432,0.694736999669762
197,MA,Massachusetts,7,249375,558430,11033,44.6564475404258,0.882285310089928
198,MA,Massachusetts,8,327380,561241,10353,58.3314476312315,1.07601810510305
199,MA,Massachusetts,9,331370,573274,7656,57.8030749693864,0.77195257759051
200,MI,Michigan,1,332497,564858,1561,58.863820641648,0.162671722842931
201,MI,Michigan,2,305463,551323,4776,55.4054519764276,0.479966260503223
202,MI,Michigan,3,310740,551028,4362,56.3927785883839,0.446411616474173
203,MI,Michigan,4,285050,554938,2626,51.3660985551539,0.243067468448429
204,MI,Michigan,5,276413,520558,2700,53.0993664490796,0.275412709846962
205,MI,Michigan,6,293438,541981,3071,54.1417503565623,0.306780708816366
206,MI,Michigan,7,295060,548462,2889,53.7977106891635,0.283377127642377
207,MI,Michigan,8,341593,554462,5219,61.6080092053197,0.579899434122742
208,MI,Michigan,9,304563,552114,6344,55.1630641497952,0.633844602684048
209,MI,Michigan,10,303064,553804,5635,54.7240539974431,0.556821626921424
210,MI,Michigan,11,350901,534817,6785,65.6114147456046,0.832384626982551
211,MI,Michigan,12,294628,526943,7440,55.912688848699,0.789440992734168
212,MI,Michigan,13,196299,474739,8475,41.3488253545632,0.73815569161144
213,MI,Michigan,14,264994,512851,9342,51.6707581734266,0.941225078738564
214,MN,Minnesota,1,291661,500330,2914,58.2937261407471,0.33951175818787
215,MN,Minnesota,2,337968,511914,3848,66.0204643748755,0.496268410151941
216,MN,Minnesota,3,363949,517834,7590,70.2829478172542,1.03015169713259
217,MN,Minnesota,4,328614,510862,5084,64.3253951164894,0.640153913918499
218,MN,Minnesota,5,343358,517155,6617,66.3936344036121,0.849506780073094
219,MN,Minnesota,6,315726,525551,4938,60.07523532445,0.564458086907139
220,MN,Minnesota,7,281509,495727,2489,56.787102578637,0.285122856568691
221,MN,Minnesota,8,314211,527541,1381,59.5614369309684,0.155920287525837
222,MS,Mississippi,1,236521,577880,2748,40.9290856233128,0.194630593363438
223,MS,Mississippi,2,221379,523479,4699,42.2899485939264,0.379614976804915
224,MS,Mississippi,3,257271,559913,5338,45.9483884103423,0.438054657302844
225,MS,Mississippi,4,223732,579386,3131,38.615361779539,0.208677285491428
226,MO,Missouri,1,274375,549361,6958,49.9443899366719,0.632576876005692
227,MO,Missouri,2,376066,575828,8830,65.3087380259383,1.00147293422521
228,MO,Missouri,3,324608,602748,6241,53.8546789039532,0.557624498197542
229,MO,Missouri,4,293316,584925,4248,50.1459161430953,0.364183188914594
230,MO,Missouri,5,283785,573775,5681,49.4592828199207,0.489700990283595
231,MO,Missouri,6,305409,583457,5275,52.344731488353,0.473245600962988
232,MO,Missouri,7,296455,595559,2710,49.7776038981864,0.226505361457194
233,MO,Missouri,8,264399,567717,3947,46.5723238867253,0.323789779733396
234,MT,Montana,At-large,504421,823668,2462,61.2408154741959,0.183052987001401
235,NE,Nebraska,1,234781,473676,3971,49.5657369172177,0.415527789666927
236,NE,Nebraska,2,248485,467041,4132,53.204108418747,0.470706803013574
237,NE,Nebraska,3,213304,439543,3065,48.5285853716246,0.338397185631507
238,NV,Nevada,1,152201,418811,10703,36.3412135784399,0.928724434004939
239,NV,Nevada,2,287537,531489,4280,54.1002730065909,0.435661261979475
240,NV,Nevada,3,286168,607915,11250,47.0736862883791,0.871139831628213
241,NV,Nevada,4,234868,516951,10773,45.4333195989562,0.946807631747603
242,NH,New Hampshire,1,291039,540224,4909,53.8737634758915,0.489549344166774
243,NH,New Hampshire,2,279705,529588,4458,52.8155849452782,0.444594435081706
244,NJ,New Jersey,1,263418,542034,6191,48.5980584243793,0.555076950348746
245,NJ,New Jersey,2,258363,531339,6456,48.6248891950337,0.590813557151155
246,NJ,New Jersey,3,306875,570276,5881,53.8116631245222,0.554935488842797
247,NJ,New Jersey,4,294348,539643,8273,54.5449491608341,0.836201645175756
248,NJ,New Jersey,5,301823,527932,8667,57.1708098770296,0.938566726783403
249,NJ,New Jersey,6,221195,502463,7651,44.0221469043492,0.670324871612786
250,NJ,New Jersey,7,322742,527076,9094,61.2325357253982,1.05648650268039
251,NJ,New Jersey,8,153455,425604,11139,36.0558171445757,0.943660649743491
252,NJ,New Jersey,9,200416,481499,11594,41.6233470889867,1.00224732792739
253,NJ,New Jersey,10,200159,496051,9959,40.3504881554518,0.810099186454909
254,NJ,New Jersey,11,323574,548734,8988,58.9673685246404,0.96585724285258
255,NJ,New Jersey,12,252375,505683,9993,49.9077485302057,0.986246583457117
256,NM,New Mexico,1,249162,514775,6996,48.4021174299451,0.657804309727349
257,NM,New Mexico,2,199256,484702,6155,41.1089700475756,0.522023244473569
258,NM,New Mexico,3,244893,507907,5741,48.2161104296653,0.544998769413905
259,NY,New York,1,274427,530436,8854,51.7361189662843,0.863575619542191
260,NY,New York,2,245926,515987,10089,47.6612782880189,0.931912309123723
261,NY,New York,3,273130,521235,9204,52.400548696845,0.925292143094307
262,NY,New York,4,267191,506457,8321,52.7568974266325,0.866786604760145
263,NY,New York,5,186325,501784,12659,37.1325112000383,0.936778492899902
264,NY,New York,6,149540,448065,12825,33.3746219856494,0.955284449724825
265,NY,New York,7,164835,446196,14230,36.9422854530296,1.1781565096877
266,NY,New York,8,204768,540660,13211,37.8737099101099,0.92544220327463
267,NY,New York,9,207844,486880,12651,42.6889582648702,1.1092220074944
268,NY,New York,10,216272,473542,10788,45.6711337114765,1.04045721494484
269,NY,New York,11,195100,500998,8100,38.9422712266316,0.629608096111594
270,NY,New York,12,256239,530252,14243,48.3240044356268,1.29802206342764
271,NY,New York,13,197200,505003,13783,39.049272974616,1.06576818238532
272,NY,New York,14,146272,392398,12236,37.2764387178324,1.1623772398213
273,NY,New York,15,133913,410819,11144,32.5965936336927,0.88422502234286
274,NY,New York,16,226338,498243,10607,45.4272312907557,0.967091644641361
275,NY,New York,17,257221,502861,6893,51.1515110537504,0.701162678540395
276,NY,New York,18,261321,524373,5240,49.8349457351923,0.497994968567046
277,NY,New York,19,293570,553713,5607,53.0184409612922,0.53687451526326
278,NY,New York,20,277066,557251,5438,49.7201440643444,0.485199925028228
279,NY,New York,21,239125,551303,4192,43.3745145591444,0.329811310716491
280,NY,New York,22,255100,539437,3753,47.2900449913521,0.329008834864024
281,NY,New York,23,245899,544564,3340,45.1552067341947,0.276952553771844
282,NY,New York,24,265156,539797,2939,49.1214289816357,0.267448466325354
283,NY,New York,25,275641,543698,4648,50.6974460086298,0.433405546917795
284,NY,New York,26,242371,539694,5187,44.9089669331139,0.43162016157686
285,NY,New York,27,293095,564383,5939,51.9319327477972,0.546479515841489
286,NC,North Carolina,1,272675,566173,6735,48.1610744419109,0.572907638418416
287,NC,North Carolina,2,331704,601142,7863,55.1789760156502,0.721746756026127
288,NC,North Carolina,3,187901,579504,4996,32.4244526353571,0.279536578464073
289,NC,North Carolina,4,341403,624834,7413,54.6389921163061,0.648234328730794
290,NC,North Carolina,5,280385,572721,3131,48.9566473029625,0.267640374118595
291,NC,North Carolina,6,284360,567392,5676,50.1170266764424,0.501353990566464
292,NC,North Carolina,7,282312,613510,5769,46.0158758618441,0.432699691687143
293,NC,North Carolina,8,255521,581896,5618,43.9117986719276,0.423952879791044
294,NC,North Carolina,9,0,561804,6951,0,0
295,NC,North Carolina,10,278228,585102,4892,47.5520507535438,0.397579622504002
296,NC,North Carolina,11,300666,604505,5083,49.7375538663866,0.418219843182179
297,NC,North Carolina,12,279138,591843,7234,47.1641972617738,0.576480254039791
298,NC,North Carolina,13,286316,579274,7005,49.4266961748672,0.597703343676644
299,ND,North Dakota,At-large,321532,567351,3196,56.6725007975662,0.319247366355258
300,OH,Ohio,1,300871,541695,5990,55.5425100840879,0.614182585040819
301,OH,Ohio,2,289661,557971,6728,51.9132714782668,0.625968895347212
302,OH,Ohio,3,246677,560963,8952,43.973844977298,0.701746568377543
303,OH,Ohio,4,257405,542874,4816,47.415238158394,0.420634966807815
304,OH,Ohio,5,283617,549171,4850,51.6445697241843,0.456098670837123
305,OH,Ohio,6,249490,545803,4800,45.7106318580147,0.401996751425827
306,OH,Ohio,7,260653,557024,7057,46.7938544838284,0.592836630185372
307,OH,Ohio,8,261133,546406,2927,47.79101986435,0.256008014448876
308,OH,Ohio,9,231937,545749,8394,42.4988410423107,0.65366179637371
309,OH,Ohio,10,281726,552514,2402,50.9898391714961,0.221673285545586
310,OH,Ohio,11,250660,524803,8831,47.7626842834359,0.803715422562414
311,OH,Ohio,12,341647,585940,7173,58.3075058879749,0.713792776964269
312,OH,Ohio,13,251370,559931,7719,44.8930314628052,0.618878593722072
313,OH,Ohio,14,307358,553668,6479,55.513051142562,0.649611424811727
314,OH,Ohio,15,292443,586092,6358,49.8971151286829,0.541290203565593
315,OH,Ohio,16,299710,553316,8332,54.1661546024333,0.815650370037148
316,OK,Oklahoma,1,253171,565812,2986,44.7447208613462,0.236134504909722
317,OK,Oklahoma,2,216002,564213,2174,38.2837687185513,0.147513285220529
318,OK,Oklahoma,3,234065,571661,2631,40.9447207348411,0.188443081220106
319,OK,Oklahoma,4,236638,589702,4619,40.1284038378707,0.314316548573898
320,OK,Oklahoma,5,238960,561277,5517,42.5743438622997,0.418479031010192
321,OR,Oregon,1,363249,606198,6201,59.922500569121,0.612967093307994
322,OR,Oregon,2,368709,619186,4754,59.5473734871266,0.457194144502298
323,OR,Oregon,3,384326,627716,5932,61.2260958777536,0.578594779720183
324,OR,Oregon,4,372893,638548,5000,58.3970194879633,0.457264132750892
325,OR,Oregon,5,358469,606523,6245,59.1022929056277,0.608540515686371
326,PA,Pennsylvania,1,329798,544860,4939,60.5289432147708,0.548677551183337
327,PA,Pennsylvania,2,201982,496510,12153,40.6803488348674,0.995726731365215
328,PA,Pennsylvania,3,307997,564612,11678,54.5502043881462,1.12827443774622
329,PA,Pennsylvania,4,332991,543723,4822,61.2427651579941,0.543130626425307
330,PA,Pennsylvania,5,304714,519983,6115,58.6007619479868,0.689144951492528
331,PA,Pennsylvania,6,301828,522912,4827,57.7206107337372,0.532818883505733
332,PA,Pennsylvania,7,263261,552078,4662,47.6854719804086,0.402678009941828
333,PA,Pennsylvania,8,248166,535133,5536,46.3746395755821,0.479749902716563
334,PA,Pennsylvania,9,248927,555775,5005,44.78916827853,0.403346295234659
335,PA,Pennsylvania,10,291033,552761,5816,52.6507839735437,0.553977143087393
336,PA,Pennsylvania,11,277584,553568,5995,50.1445170241054,0.54305230714115
337,PA,Pennsylvania,12,243872,551022,3977,44.2581239950492,0.319432906722981
338,PA,Pennsylvania,13,253266,545111,3919,46.461362915076,0.334027530657394
339,PA,Pennsylvania,14,261437,551164,2665,47.4336132258275,0.229352024527782
340,PA,Pennsylvania,15,243572,548615,4573,44.3976194599127,0.370077948634618
341,PA,Pennsylvania,16,262396,539710,2919,48.6179614978414,0.262948304852975
342,PA,Pennsylvania,17,325579,559285,6462,58.2134332227755,0.672600204699885
343,PA,Pennsylvania,18,231472,544390,6168,42.5195172578482,0.481750918360749
344,RI,Rhode Island,1,174083,395409,6058,44.0260590932427,0.674516427261049
345,RI,Rhode Island,2,199197,407668,6982,48.8625548240235,0.836853414497414
346,SC,South Carolina,1,287433,613912,6942,46.8199025267465,0.529430542717318
347,SC,South Carolina,2,257139,537342,7030,47.8538807686725,0.626068280171227
348,SC,South Carolina,3,226204,534772,4868,42.2991480481401,0.385046810039318
349,SC,South Carolina,4,243950,533533,6329,45.7235072619688,0.54239208720173
350,SC,South Carolina,5,248579,552247,4381,45.0122861690512,0.357084467107315
351,SC,South Carolina,6,206433,506843,10563,40.7291804365454,0.848827611215365
352,SC,South Carolina,7,239554,571428,3454,41.9219919219919,0.253397733570214
353,SD,South Dakota,At-large,335965,647089,2674,51.9194423023726,0.214549449483061
354,TN,Tennessee,1,224282,563918,3157,39.7720945243812,0.222657376450958
355,TN,Tennessee,2,262134,583056,3129,44.9586317609286,0.241272808752411
356,TN,Tennessee,3,245765,571456,3926,43.0068106730877,0.295464110452147
357,TN,Tennessee,4,232451,590540,4743,39.3624479290141,0.316144698965885
358,TN,Tennessee,5,262248,563797,5435,46.5146143026657,0.448400627770258
359,TN,Tennessee,6,248740,591603,3690,42.0450876685886,0.262247442114208
360,TN,Tennessee,7,254384,578288,3700,43.9891541930664,0.281451232801555
361,TN,Tennessee,8,248345,525277,4889,47.278864294458,0.440046618328244
362,TN,Tennessee,9,181476,507231,5835,35.7777817207545,0.411574521944838
363,TX,Texas,1,232720,511974,4743,45.4554332837214,0.421105603145259
364,TX,Texas,2,263392,520180,17389,50.6347802683686,1.6926606061107
365,TX,Texas,3,312358,563318,7999,55.449674961567,0.7873740054775
366,TX,Texas,4,249245,543354,5315,45.8715680753247,0.448708179787673
367,TX,Texas,5,209507,480610,7387,43.591893635172,0.670009609211243
368,TX,Texas,6,256042,554709,11109,46.1578954010121,0.924391095168535
369,TX,Texas,7,243601,448262,17967,54.3434420048989,2.17816505191611
370,TX,Texas,8,273170,584039,8995,46.7725614214119,0.720361465562403
371,TX,Texas,9,153001,445634,16319,34.3333318373374,1.25727759159649
372,TX,Texas,10,307827,593629,15051,51.8551148949933,1.31474596807862
373,TX,Texas,11,220377,542570,6851,40.6172475440957,0.512871634857437
374,TX,Texas,12,268491,572411,11504,46.905283092044,0.942676462700532
375,TX,Texas,13,207285,493390,5774,42.0124039806238,0.491658972788508
376,TX,Texas,14,234528,532153,6811,44.0715358177066,0.564069413222136
377,TX,Texas,15,164802,435170,10959,37.8707171909828,0.953708182310318
378,TX,Texas,16,181754,458940,7531,39.6029982132741,0.649867476236909
379,TX,Texas,17,237351,550601,9229,43.1076223980705,0.722556346813377
380,TX,Texas,18,184332,480387,17751,38.3715629273898,1.41788519157283
381,TX,Texas,19,201985,509891,4649,39.6133683473527,0.361180231553102
382,TX,Texas,20,171963,549483,15793,31.2954176926311,0.899479204306089
383,TX,Texas,21,353617,622228,13955,56.8307758570813,1.27457053858966
384,TX,Texas,22,297405,577164,14484,51.5286816225544,1.29311846307302
385,TX,Texas,23,210069,507547,12255,41.3890733271993,0.999361819939487
386,TX,Texas,24,263418,503766,10913,52.2897535760651,1.13274433124823
387,TX,Texas,25,304553,570238,11587,53.4080506735784,1.0852294711239
388,TX,Texas,26,312505,605249,8073,51.6324686203529,0.688689975815093
389,TX,Texas,27,207421,517267,6497,40.0994070760362,0.503658357817156
390,TX,Texas,28,139226,434305,11134,32.0571948285191,0.82182983668328
391,TX,Texas,29,117494,369239,12870,31.8205823328522,1.10912144877385
392,TX,Texas,30,183174,479082,11936,38.2343732388192,0.952583229965949
393,TX,Texas,31,286007,602236,5813,47.4908507628239,0.458398892600733
394,TX,Texas,32,275620,505867,10389,54.4846768024006,1.11895282218476
395,TX,Texas,33,119224,360226,12748,33.0970002165307,1.17126625718392
396,TX,Texas,34,143068,424863,9876,33.6739137086543,0.782754845177552
397,TX,Texas,35,194067,532967,13421,36.4125733863448,0.916929467336876
398,TX,Texas,36,221956,519385,9934,42.7343877855541,0.817357852578904
399,UT,Utah,1,254333,521517,4200,48.7679212758165,0.392748979148195
400,UT,Utah,2,270044,529608,7295,50.9894110360871,0.702345420590805
401,UT,Utah,3,258858,517848,6002,49.9872549473977,0.579365961043165
402,UT,Utah,4,269271,518368,8401,51.9459148712883,0.841868384687507
403,VT,Vermont,At-large,278230,500274,2062,55.6155226935639,0.229232796016041
404,VA,Virginia,1,332101,590281,8602,56.2615093489372,0.819883247842227
405,VA,Virginia,2,273400,559397,6204,48.874055456143,0.542038373552077
406,VA,Virginia,3,217722,559137,7090,38.9389362535479,0.493755659234954
407,VA,Virginia,4,299854,579606,9665,51.7341090326877,0.862672511673321
408,VA,Virginia,5,310926,578531,7084,53.7440517448503,0.658085500276597
409,VA,Virginia,6,281377,582756,4662,48.2838443533829,0.386266777820342
410,VA,Virginia,7,349803,588061,8567,59.4841351492447,0.86657776289123
411,VA,Virginia,8,324748,533417,10149,60.880699340291,1.15833994343002
412,VA,Virginia,9,246980,567315,4437,43.534896838617,0.340488683135372
413,VA,Virginia,10,367795,565197,8256,65.0737707383443,0.950551845136777
414,VA,Virginia,11,308250,509988,10817,60.44259864938,1.28200583070649
415,WA,Washington,1,332743,519555,10068,64.0438452136925,1.24104942424085
416,WA,Washington,2,294833,558321,7945,52.8070769324457,0.751453422365057
417,WA,Washington,3,307226,544994,4118,56.3723637324448,0.425952201033787
418,WA,Washington,4,225336,443137,5909,50.8501885421439,0.678060654144267
419,WA,Washington,5,320347,551532,3876,58.0831211969568,0.40819059956522
420,WA,Washington,6,323086,570991,6932,56.5833787222566,0.686938990811909
421,WA,Washington,7,394681,600321,11081,65.7449930953607,1.21355119759211
422,WA,Washington,8,313057,522952,10928,59.8634291483731,1.2509514328914
423,WA,Washington,9,240567,499184,11809,48.1920494246611,1.14006040188753
424,WA,Washington,10,270075,544552,6928,49.5958145411274,0.630977029082495
425,WV,West Virginia,1,198214,486327,3632,40.7573505069634,0.30438510928098
426,WV,West Virginia,2,204792,487208,3478,42.0337925485624,0.300063895674743
427,WV,West Virginia,3,174985,457623,2050,38.2378071032269,0.171292755306475
428,WI,Wisconsin,1,325317,539789,5165,60.26743783219,0.576672211555369
429,WI,Wisconsin,2,317295,577976,3636,54.897608205185,0.345356387521372
430,WI,Wisconsin,3,314989,566700,2657,55.5830245279689,0.260603663615341
431,WI,Wisconsin,4,273087,493143,4985,55.3768379557248,0.559783951529857
432,WI,Wisconsin,5,364288,558805,5239,65.1905405284491,0.611185014143655
433,WI,Wisconsin,6,325065,556485,2532,58.4139734224642,0.26578287052783
434,WI,Wisconsin,7,322840,552651,2556,58.4166137399552,0.270175689032184
435,WI,Wisconsin,8,328774,556205,2262,59.1102201526416,0.240392153945533
436,WY,Wyoming,At-large,205275,433644,2221,47.3372167031021,0.242447625927235
,,,,,,,,
,,,,,,,,
Notes:,,,,,,,,
"- Congressional districts 10, 14, 21, and 24 in Florida and district 9 in North Carolina did not report vote totals. In Florida, state law prohibits candidates without an opponent from having their name printed on the ballot.  In North Carolina, the stateâ€™s Board of Elections ordered a new election in February of 2019.",,,,,,,,
1 Votes as collected by state election offices and reported nationally by the Office of the Clerk of the U.S. House of Representatives.,,,,,,,,
"2 Citizen voting-age population from the 2018 American Community Survey, Table S2901.",,,,,,,,
3 Voting rates calculated by dividing the number votes cast for representative by the citizen voting-age population for each congresssional district.,,,,,,,,
,,,,,,,,
"Source: U.S. Census Bureau, 2018 American Community Survey Table S2901 , and the Office of the Clerk U.S. House of Representatives ""Statistics of the Congressional Election Noveber 6, 2018""  <clerk.house.gov>.",,,,,,,,
,,,,,,,,
"Internet release date: February 26, 2020",,,,,,,,
